Session,Spks,zSpks,Date,animalID
230814_mrcuts30_fov1_spo-000,"[[ 0.       10.929953  0.       ...  0.        0.        0.      ]
 [ 0.        0.        0.       ...  0.       21.698757  0.      ]
 [ 0.        0.        0.       ... 53.75648   0.        0.      ]
 ...
 [ 0.        0.        0.       ...  0.        0.        0.      ]
 [ 0.        0.        0.       ...  0.        0.        0.      ]
 [ 0.        0.        0.       ...  0.        0.        0.      ]]","[[-0.27378905  0.0612178  -0.27378905 ... -0.27378905 -0.27378905
  -0.27378905]
 [-0.3041353  -0.3041353  -0.3041353  ... -0.3041353   1.3316001
  -0.3041353 ]
 [-0.2467099  -0.2467099  -0.2467099  ...  2.342603   -0.2467099
  -0.2467099 ]
 ...
 [-0.30630416 -0.30630416 -0.30630416 ... -0.30630416 -0.30630416
  -0.30630416]
 [-0.3222272  -0.3222272  -0.3222272  ... -0.3222272  -0.3222272
  -0.3222272 ]
 [-0.3670293  -0.3670293  -0.3670293  ... -0.3670293  -0.3670293
  -0.3670293 ]]",230814,mrcuts30
230814_mrcuts30_fov3_spo-000,"[[ 0.        0.        0.       ...  0.        0.        0.      ]
 [ 0.        0.        0.       ...  0.        0.        0.      ]
 [ 0.        0.        0.       ...  0.        0.        0.      ]
 ...
 [ 0.       21.222775  0.       ...  0.        6.410024 67.463715]
 [ 0.        0.       41.11629  ...  0.        0.        0.      ]
 [ 0.        0.        0.       ...  0.        0.        7.614636]]","[[-0.3128485  -0.3128485  -0.3128485  ... -0.3128485  -0.3128485
  -0.3128485 ]
 [-0.24015895 -0.24015895 -0.24015895 ... -0.24015895 -0.24015895
  -0.24015895]
 [-0.24648373 -0.24648373 -0.24648373 ... -0.24648373 -0.24648373
  -0.24648373]
 ...
 [-0.26057908  2.0542564  -0.26057908 ... -0.26057908  0.43858263
   7.097903  ]
 [-0.2612783  -0.2612783   3.6702046  ... -0.2612783  -0.2612783
  -0.2612783 ]
 [-0.21778437 -0.21778437 -0.21778437 ... -0.21778437 -0.21778437
   0.02136195]]",230814,mrcuts30
230814_mrcuts30_fov2_spo-000,"[[  0.         0.         0.       ...   0.         0.       107.23435 ]
 [  0.        54.494167   0.       ...   0.         0.        54.04361 ]
 [  0.         0.         0.       ...   0.         0.         0.      ]
 ...
 [  0.         0.         0.       ...   0.         0.         0.      ]
 [  0.         0.         0.       ...   0.         0.         0.      ]
 [  0.         0.         0.       ... 187.60728    0.         0.      ]]","[[-0.2523033  -0.2523033  -0.2523033  ... -0.2523033  -0.2523033
   5.3213115 ]
 [-0.2376352   2.6674697  -0.2376352  ... -0.2376352  -0.2376352
   2.6434505 ]
 [-0.23357794 -0.23357794 -0.23357794 ... -0.23357794 -0.23357794
  -0.23357794]
 ...
 [-0.25194344 -0.25194344 -0.25194344 ... -0.25194344 -0.25194344
  -0.25194344]
 [-0.23159963 -0.23159963 -0.23159963 ... -0.23159963 -0.23159963
  -0.23159963]
 [-0.29114535 -0.29114535 -0.29114535 ...  6.522064   -0.29114535
  -0.29114535]]",230814,mrcuts30
230814_mrcuts30_fov3_grat-000,"[[  0.        31.603699   6.810429 ...   0.         0.        32.677967]
 [  0.         0.         0.       ...   0.         0.         0.      ]
 [  0.         0.         0.       ...   0.         0.       121.16384 ]
 ...
 [  0.         0.         0.       ...   0.         0.         0.      ]
 [  0.         0.         0.       ...  12.512854   0.         0.      ]
 [  0.       175.69232    0.       ...   0.         0.         0.      ]]","[[-0.34334478  4.2935104   0.6558729  ... -0.34334478 -0.34334478
   4.451126  ]
 [-0.26329044 -0.26329044 -0.26329044 ... -0.26329044 -0.26329044
  -0.26329044]
 [-0.30409607 -0.30409607 -0.30409607 ... -0.30409607 -0.30409607
   2.8412714 ]
 ...
 [-0.2553544  -0.2553544  -0.2553544  ... -0.2553544  -0.2553544
  -0.2553544 ]
 [-0.26573807 -0.26573807 -0.26573807 ...  1.2138714  -0.26573807
  -0.26573807]
 [-0.25790545  2.6236808  -0.25790545 ... -0.25790545 -0.25790545
  -0.25790545]]",230814,mrcuts30
230814_mrcuts30_fov2_grat-000,"[[  0.        16.691153   0.       ...   0.        22.644268 105.007835]
 [  0.         0.         0.       ...   0.        92.15466    0.      ]
 [  0.         0.         0.       ...   0.         0.         0.      ]
 ...
 [  0.         0.         0.       ...   0.         0.         0.      ]
 [  0.         0.         0.       ...   0.         0.        86.23648 ]
 [  0.         0.         0.       ...  37.397255  79.60515    0.      ]]","[[-0.2243492   0.6101137  -0.2243492  ... -0.2243492   0.90773565
   5.0254464 ]
 [-0.23229788 -0.23229788 -0.23229788 ... -0.23229788  3.1376972
  -0.23229788]
 [-0.24148749 -0.24148749 -0.24148749 ... -0.24148749 -0.24148749
  -0.24148749]
 ...
 [-0.23744497 -0.23744497 -0.23744497 ... -0.23744497 -0.23744497
  -0.23744497]
 [-0.24105233 -0.24105233 -0.24105233 ... -0.24105233 -0.24105233
   8.106441  ]
 [-0.2508543  -0.2508543  -0.2508543  ...  2.19181     4.948689
  -0.2508543 ]]",230814,mrcuts30
230814_mrcuts30_fov3_mov-000,"[[  0.          0.          0.        ...   0.          0.
    0.       ]
 [  0.          0.          0.        ...  35.59298     0.
    0.       ]
 [  0.          0.          0.        ...  10.874804   11.1167755
    0.       ]
 ...
 [  0.          0.          0.        ...   0.          0.
    0.       ]
 [  0.        185.44662     0.        ...   0.         48.633747
    3.1688333]
 [  0.         43.828518    0.        ...   0.          0.
    0.       ]]","[[-0.22195522 -0.22195522 -0.22195522 ... -0.22195522 -0.22195522
  -0.22195522]
 [-0.24187297 -0.24187297 -0.24187297 ...  2.9455318  -0.24187297
  -0.24187297]
 [-0.25478664 -0.25478664 -0.25478664 ...  0.63928926  0.6591831
  -0.25478664]
 ...
 [-0.24697363 -0.24697363 -0.24697363 ... -0.24697363 -0.24697363
  -0.24697363]
 [-0.25118512 24.269667   -0.25118512 ... -0.25118512  6.179457
   0.1678168 ]
 [-0.23126662  4.075933   -0.23126662 ... -0.23126662 -0.23126662
  -0.23126662]]",230814,mrcuts30
230814_mrcuts30_fov2_mov-000,"[[  0.         0.        28.11073  ...  66.4026   104.84836    0.      ]
 [  0.        54.212753   0.       ...   0.         5.414702  39.185417]
 [  0.         0.        18.045654 ...   0.        67.60742  117.60754 ]
 ...
 [  0.         0.         0.       ...   0.         0.         0.      ]
 [  0.         0.         0.       ...   0.       279.39685    0.      ]
 [  0.         0.        23.161419 ...   0.       213.40054   32.184235]]","[[-0.23653294 -0.23653294  1.6551493  ...  4.2319613   6.8191285
  -0.23653294]
 [-0.26251718  3.9218295  -0.26251718 ... -0.26251718  0.15541013
   2.7619624 ]
 [-0.25862414 -0.25862414  0.873088   ... -0.25862414  3.9812963
   7.116995  ]
 ...
 [-0.25994202 -0.25994202 -0.25994202 ... -0.25994202 -0.25994202
  -0.25994202]
 [-0.2334553  -0.2334553  -0.2334553  ... -0.2334553   3.3413785
  -0.2334553 ]
 [-0.5782835  -0.5782835  -0.20236641 ... -0.5782835   2.8852744
  -0.05592327]]",230814,mrcuts30
230814_mrcuts30_fov1_grat-000,"[[  0.          0.        141.88013   ...  18.756811    0.
  119.52307  ]
 [  0.          0.          0.        ...   0.          0.
    6.5681834]
 [  0.          0.          1.7477401 ... 138.07117    22.435972
  129.33392  ]
 ...
 [  0.          0.          0.        ...   0.          0.
  151.43805  ]
 [  0.          0.         58.788994  ...   0.          0.
    0.       ]
 [  0.         85.67252     0.        ...   0.          0.
    0.       ]]","[[-0.25358847 -0.25358847  7.479553   ...  0.7687469  -0.25358847
   6.2609873 ]
 [-0.30442113 -0.30442113 -0.30442113 ... -0.30442113 -0.30442113
   0.00860333]
 [-0.23773333 -0.23773333 -0.14698295 ...  6.9315305   0.9272412
   6.477854  ]
 ...
 [-0.29588306 -0.29588306 -0.29588306 ... -0.29588306 -0.29588306
   6.8226304 ]
 [-0.30998605 -0.30998605  2.6670911  ... -0.30998605 -0.30998605
  -0.30998605]
 [-0.28063855  5.1027064  -0.28063855 ... -0.28063855 -0.28063855
  -0.28063855]]",230814,mrcuts30
230814_mrcuts30_fov1_mov-000,"[[   0.         0.         0.      ...    0.         0.         0.     ]
 [   0.       101.04667    0.      ...    0.        58.9942     0.     ]
 [   0.         0.         0.      ...    0.         0.         0.     ]
 ...
 [   0.       168.30821    0.      ...    0.         0.         0.     ]
 [   0.         0.         0.      ...  191.42522    0.      1179.4968 ]
 [   0.         0.         0.      ...    0.       110.41317  147.80511]]","[[-0.26466557 -0.26466557 -0.26466557 ... -0.26466557 -0.26466557
  -0.26466557]
 [-0.25038636  5.729861   -0.25038636 ... -0.25038636  3.2410686
  -0.25038636]
 [-0.24575748 -0.24575748 -0.24575748 ... -0.24575748 -0.24575748
  -0.24575748]
 ...
 [-0.27893993  1.306449   -0.27893993 ... -0.27893993 -0.27893993
  -0.27893993]
 [-0.29686892 -0.29686892 -0.29686892 ...  1.2822621  -0.29686892
   9.433197  ]
 [-0.3250353  -0.3250353  -0.3250353  ... -0.3250353   5.1022997
   6.940293  ]]",230814,mrcuts30
221216_mrcuts07_fov2_grat-000,"[[  0.          4.907623    0.        ...   0.          7.9909763
  139.59637  ]
 [  0.        135.21603     0.        ...   0.          0.
    3.1839886]
 [  0.         51.102554    0.        ...   0.         42.739933
   30.383556 ]
 ...
 [  0.        134.52898   123.33228   ...  41.261143  209.74503
    0.       ]
 [  0.         18.766039    0.        ...   0.          0.
    0.       ]
 [  0.         67.65858     0.        ...  18.743029    0.
    0.       ]]","[[-0.3260989  -0.21650667 -0.3260989  ... -0.3260989  -0.14765227
   2.7912297 ]
 [-0.23985998  4.626457   -0.23985998 ... -0.23985998 -0.23985998
  -0.12527077]
 [-0.26732945  1.2754743  -0.26732945 ... -0.26732945  1.0230038
   0.6499606 ]
 ...
 [-0.28602296  4.8942842   4.463133   ...  1.3028197   7.790629
  -0.28602296]
 [-0.23935328  1.5834538  -0.23935328 ... -0.23935328 -0.23935328
  -0.23935328]
 [-0.23877136  5.0037622  -0.23877136 ...  1.2135347  -0.23877136
  -0.23877136]]",221216,mrcuts07
221216_mrcuts07_fov1_spo-000,"[[  0.         53.53858     0.        ...   0.          0.
   99.72255  ]
 [  0.          0.          0.        ... 127.93333     0.
  105.56284  ]
 [  0.          0.         71.1866    ...   0.          0.
   25.166458 ]
 ...
 [  0.          0.          0.        ...   0.          0.
    3.3606381]
 [  0.          0.          0.        ...   0.          0.
    0.       ]
 [  0.          0.          0.        ...  21.876736    0.
    0.       ]]","[[-2.0103128e-01  1.5981042e+00 -2.0103128e-01 ... -2.0103128e-01
  -2.0103128e-01  3.1500916e+00]
 [-2.5449809e-01 -2.5449809e-01 -2.5449809e-01 ...  1.2405828e+01
  -2.5449809e-01  1.0192038e+01]
 [-2.8377253e-01 -2.8377253e-01  2.9527924e+00 ... -2.8377253e-01
  -2.8377253e-01  8.6044389e-01]
 ...
 [-2.7105945e-01 -2.7105945e-01 -2.7105945e-01 ... -2.7105945e-01
  -2.7105945e-01  4.2459676e-03]
 [-3.0660200e-01 -3.0660200e-01 -3.0660200e-01 ... -3.0660200e-01
  -3.0660200e-01 -3.0660200e-01]
 [-1.6187358e-01 -1.6187358e-01 -1.6187358e-01 ...  6.5948790e-01
  -1.6187358e-01 -1.6187358e-01]]",221216,mrcuts07
221216_mrcuts07_fov2_spo-000,"[[  0.          0.          0.        ...   0.          0.
    0.       ]
 [  0.         60.69106     0.        ...   0.          0.
   27.699451 ]
 [  0.          0.          0.        ...   2.2764277   0.
    0.       ]
 ...
 [  0.          0.        126.20008   ...   0.          0.
    0.       ]
 [  0.          0.          0.        ...   0.          0.
    0.       ]
 [  0.         11.439135    0.        ...   0.          0.
    0.       ]]","[[-0.23840925 -0.23840925 -0.23840925 ... -0.23840925 -0.23840925
  -0.23840925]
 [-0.24956854  8.149086   -0.24956854 ... -0.24956854 -0.24956854
   3.5835845 ]
 [-0.2505346  -0.2505346  -0.2505346  ... -0.04507348 -0.2505346
  -0.2505346 ]
 ...
 [-0.27325398 -0.27325398  8.208073   ... -0.27325398 -0.27325398
  -0.27325398]
 [-0.27493182 -0.27493182 -0.27493182 ... -0.27493182 -0.27493182
  -0.27493182]
 [-0.27530783  0.49226052 -0.27530783 ... -0.27530783 -0.27530783
  -0.27530783]]",221216,mrcuts07
221216_mrcuts07_fov1_grat-000,"[[  0.          7.270997    1.8734074 ...  43.05628     3.9205277
    0.       ]
 [  0.          0.          0.        ...   0.        103.031166
    0.       ]
 [  0.          0.          0.        ...  76.24528     0.
    0.       ]
 ...
 [  0.          0.          0.        ...   0.         41.431324
    0.       ]
 [  0.          0.          0.        ...   0.         72.305786
    0.       ]
 [  0.          0.          0.        ...  45.89979     0.
    0.       ]]","[[-2.2550569e-01  2.0528251e-01 -1.1451105e-01 ...  2.3254702e+00
   6.7756595e-03 -2.2550569e-01]
 [-2.6085207e-01 -2.6085207e-01 -2.6085207e-01 ... -2.6085207e-01
   8.8616629e+00 -2.6085207e-01]
 [-3.1831628e-01 -3.1831628e-01 -3.1831628e-01 ...  2.9966464e+00
  -3.1831628e-01 -3.1831628e-01]
 ...
 [-2.8948426e-01 -2.8948426e-01 -2.8948426e-01 ... -2.8948426e-01
   1.5920645e+00 -2.8948426e-01]
 [-3.1178594e-01 -3.1178594e-01 -3.1178594e-01 ... -3.1178594e-01
   3.7992518e+00 -3.1178594e-01]
 [-2.7701852e-01 -2.7701852e-01 -2.7701852e-01 ...  2.6013720e+00
  -2.7701852e-01 -2.7701852e-01]]",221216,mrcuts07
221216_mrcuts07_fov2_mov-000,"[[ 0.         0.         0.        ...  0.         0.         0.       ]
 [ 0.         0.         0.        ...  0.        50.32091   21.111887 ]
 [ 0.         0.        36.5473    ...  6.9219646  0.         0.       ]
 ...
 [ 0.         0.         0.        ...  0.         0.         0.       ]
 [ 0.         0.         0.        ...  0.         0.         0.       ]
 [ 0.        47.79966    0.        ...  0.         0.         0.       ]]","[[-0.26111907 -0.26111907 -0.26111907 ... -0.26111907 -0.26111907
  -0.26111907]
 [-0.23940526 -0.23940526 -0.23940526 ... -0.23940526  5.427273
   2.138021  ]
 [-0.28341895 -0.28341895  3.0217595  ...  0.3425734  -0.28341895
  -0.28341895]
 ...
 [-0.23813203 -0.23813203 -0.23813203 ... -0.23813203 -0.23813203
  -0.23813203]
 [-0.22964717 -0.22964717 -0.22964717 ... -0.22964717 -0.22964717
  -0.22964717]
 [-0.23209284  4.980972   -0.23209284 ... -0.23209284 -0.23209284
  -0.23209284]]",221216,mrcuts07
221216_mrcuts07_fov1_mov-000,"[[  0.          0.          0.        ...   0.          0.
    0.       ]
 [  0.          0.          0.        ...   0.          0.
    0.       ]
 [  0.          0.         14.089884  ...   0.          0.
    6.314418 ]
 ...
 [  0.        119.238144    0.        ...  21.602058   13.85233
   61.63876  ]
 [  0.          0.        115.45458   ...   0.          0.
   29.98522  ]
 [  0.         22.4061      0.        ...   1.7699959   0.
   56.09836  ]]","[[-1.9860013e-01 -1.9860013e-01 -1.9860013e-01 ... -1.9860013e-01
  -1.9860013e-01 -1.9860013e-01]
 [-2.3848192e-01 -2.3848192e-01 -2.3848192e-01 ... -2.3848192e-01
  -2.3848192e-01 -2.3848192e-01]
 [-3.6046097e-01 -3.6046097e-01  5.6923814e-03 ... -3.6046097e-01
  -3.6046097e-01 -1.9636840e-01]
 ...
 [-3.1711924e-01  7.0850549e+00 -3.1711924e-01 ...  1.0239129e+00
   5.4281831e-01  3.5093477e+00]
 [-2.9515395e-01 -2.9515395e-01  7.3524680e+00 ... -2.9515395e-01
  -2.9515395e-01  1.6910437e+00]
 [-2.4705589e-01  1.0161257e+00 -2.4705589e-01 ... -1.4726938e-01
  -2.4705589e-01  2.9155834e+00]]",221216,mrcuts07
221126_mrcuts07_fov3_spo-000,"[[  0.       156.10654    0.       ...   0.         0.         0.      ]
 [  0.        31.852629  16.050287 ...   0.         0.         0.      ]
 [  0.        43.495182   0.       ...  43.40527    0.        86.37315 ]
 ...
 [  0.         0.         0.       ...   0.         0.         0.      ]
 [  0.         0.         0.       ...   0.         0.         0.      ]
 [  0.         0.         0.       ...   0.         0.         0.      ]]","[[-0.26387236 11.359332   -0.26387236 ... -0.26387236 -0.26387236
  -0.26387236]
 [-0.23972704  2.199975    0.98961955 ... -0.23972704 -0.23972704
  -0.23972704]
 [-0.29905197  2.1439185  -0.29905197 ...  2.1388683  -0.29905197
   4.5522223 ]
 ...
 [-0.23809041 -0.23809041 -0.23809041 ... -0.23809041 -0.23809041
  -0.23809041]
 [-0.2407079  -0.2407079  -0.2407079  ... -0.2407079  -0.2407079
  -0.2407079 ]
 [-0.20967658 -0.20967658 -0.20967658 ... -0.20967658 -0.20967658
  -0.20967658]]",221126,mrcuts07
221126_mrcuts07_fov3_mov-000,"[[  0.         0.        22.918127 ...   0.         0.        10.816346]
 [  0.         0.        50.696087 ...   0.         0.         2.148837]
 [  0.        11.442826   0.       ...   0.         0.       100.261284]
 ...
 [  0.        76.69889    0.       ...   0.         0.         0.      ]
 [  0.         0.       133.26929  ...  12.431194   0.       141.69597 ]
 [  0.         0.        52.17253  ...   0.         0.         0.      ]]","[[-0.24159388 -0.24159388  2.627089   ... -0.24159388 -0.24159388
   1.1122981 ]
 [-0.28198397 -0.28198397  4.455969   ... -0.28198397 -0.28198397
  -0.08115803]
 [-0.3123023   0.32234973 -0.3123023  ... -0.3123023  -0.3123023
   5.2484765 ]
 ...
 [-0.24504167 10.821489   -0.24504167 ... -0.24504167 -0.24504167
  -0.24504167]
 [-0.2338752  -0.2338752   6.3951645  ...  0.38447344 -0.2338752
   6.814322  ]
 [-0.2263021  -0.2263021   4.1742334  ... -0.2263021  -0.2263021
  -0.2263021 ]]",221126,mrcuts07
221126_mrcuts07_fov3_grat-000,"[[ 0.         0.         0.        ...  0.         0.         0.       ]
 [ 0.         0.         0.        ...  0.         0.         0.       ]
 [ 0.        61.442047   0.        ...  0.         0.         0.       ]
 ...
 [ 0.        31.599407   0.        ...  0.         0.        92.98925  ]
 [ 0.         0.         0.        ...  0.         0.         0.       ]
 [ 0.         2.1856737 25.272953  ...  0.        37.381573   0.       ]]","[[-0.23787577 -0.23787577 -0.23787577 ... -0.23787577 -0.23787577
  -0.23787577]
 [-0.2360607  -0.2360607  -0.2360607  ... -0.2360607  -0.2360607
  -0.2360607 ]
 [-0.26573843  4.831689   -0.26573843 ... -0.26573843 -0.26573843
  -0.26573843]
 ...
 [-0.22407857  1.0473224  -0.22407857 ... -0.22407857 -0.22407857
   3.5173404 ]
 [-0.24611498 -0.24611498 -0.24611498 ... -0.24611498 -0.24611498
  -0.24611498]
 [-0.24995431  0.21251465  5.097576   ... -0.24995431  7.6596513
  -0.24995431]]",221126,mrcuts07
221222_mrcuts07_fov2_spo-000,"[[ 0.         0.         0.        ...  0.         3.424649   0.       ]
 [ 0.        35.506737  51.959965  ...  0.         0.         0.       ]
 [ 0.        12.1025095  0.        ...  0.         0.         0.       ]
 ...
 [ 0.         0.         0.        ...  0.         0.         0.       ]
 [ 0.         0.         0.        ...  0.         0.         0.       ]
 [ 0.         0.         0.        ...  0.         0.         0.       ]]","[[-0.31760615 -0.31760615 -0.31760615 ... -0.31760615 -0.13627854
  -0.31760615]
 [-0.30994686  1.5106844   2.3543344  ... -0.30994686 -0.30994686
  -0.30994686]
 [-0.20243739  0.82999575 -0.20243739 ... -0.20243739 -0.20243739
  -0.20243739]
 ...
 [-0.35583124 -0.35583124 -0.35583124 ... -0.35583124 -0.35583124
  -0.35583124]
 [-0.22356619 -0.22356619 -0.22356619 ... -0.22356619 -0.22356619
  -0.22356619]
 [-0.23627375 -0.23627375 -0.23627375 ... -0.23627375 -0.23627375
  -0.23627375]]",221222,mrcuts07
221222_mrcuts07_fov3_spo-000,"[[ 0.       56.7325    0.       ... 28.8814    0.        0.      ]
 [ 0.        0.       10.70492  ...  0.        0.        0.      ]
 [ 0.       93.002914  0.       ...  0.        0.        0.      ]
 ...
 [ 0.       36.1485    0.       ...  0.        0.        0.      ]
 [ 0.        0.       66.46697  ...  0.        0.        0.      ]
 [ 0.        0.        0.       ...  0.        0.       40.31734 ]]","[[-0.24131115  3.3277035  -0.24131115 ...  1.5756041  -0.24131115
  -0.24131115]
 [-0.260856   -0.260856    0.2744777  ... -0.260856   -0.260856
  -0.260856  ]
 [-0.22740756  5.739304   -0.22740756 ... -0.22740756 -0.22740756
  -0.22740756]
 ...
 [-0.21247643  1.4974973  -0.21247643 ... -0.21247643 -0.21247643
  -0.21247643]
 [-0.3566351  -0.3566351   0.91530967 ... -0.3566351  -0.3566351
  -0.3566351 ]
 [-0.24916117 -0.24916117 -0.24916117 ... -0.24916117 -0.24916117
   2.8280344 ]]",221222,mrcuts07
221222_mrcuts07_fov3_grat-000,"[[  0.          0.          0.        ...  54.15128     0.
    0.       ]
 [  0.          0.          0.        ...  70.76554     0.
    0.       ]
 [  0.         31.2896      8.409964  ...   0.          0.
   88.31266  ]
 ...
 [  0.          0.          0.        ...   0.          0.
   32.484936 ]
 [  0.         13.850362    0.        ...   0.          0.
    0.       ]
 [  0.        163.75142     0.        ...   0.         15.432909
    3.5129454]]","[[-0.26059946 -0.26059946 -0.26059946 ...  2.0722773  -0.26059946
  -0.26059946]
 [-0.2202899  -0.2202899  -0.2202899  ...  3.782577   -0.2202899
  -0.2202899 ]
 [-0.20962137  2.078933    0.40549225 ... -0.20962137 -0.20962137
   6.2496595 ]
 ...
 [-0.26123118 -0.26123118 -0.26123118 ... -0.26123118 -0.26123118
   1.1786587 ]
 [-0.23429008  0.2537064  -0.23429008 ... -0.23429008 -0.23429008
  -0.23429008]
 [-0.24517521 11.86534    -0.24517521 ... -0.24517521  0.89619195
   0.01463068]]",221222,mrcuts07
221222_mrcuts07_fov2_grat-000,"[[  0.         0.         0.       ...  10.536875   0.        36.65932 ]
 [  0.         0.        21.91905  ...   0.         0.        78.86406 ]
 [  0.        77.56617    0.       ...   0.         0.         0.      ]
 ...
 [  0.        13.065316   0.       ...   0.         0.        53.389584]
 [  0.       118.78521   86.80636  ...  28.67454    0.         0.      ]
 [  0.         0.         0.       ...   0.         0.        60.595173]]","[[-0.23886067 -0.23886067 -0.23886067 ...  1.3794072  -0.23886067
   5.391329  ]
 [-0.2836499  -0.2836499   1.8814479  ... -0.2836499  -0.2836499
   7.5063043 ]
 [-0.24091648  9.564199   -0.24091648 ... -0.24091648 -0.24091648
  -0.24091648]
 ...
 [-0.22370161  0.5453328  -0.22370161 ... -0.22370161 -0.22370161
   2.9188497 ]
 [-0.313394    2.102586    1.4521661  ...  0.2698193  -0.313394
  -0.313394  ]
 [-0.24726637 -0.24726637 -0.24726637 ... -0.24726637 -0.24726637
   3.6372828 ]]",221222,mrcuts07
221222_mrcuts07_fov1_spo-000,"[[  0.         0.        79.3697   ...   0.         0.       259.61032 ]
 [  0.       182.56381    0.       ...   0.         0.        72.09741 ]
 [  0.         0.         0.       ...   0.         0.        72.033325]
 ...
 [  0.        59.50019  140.28342  ...   0.         0.         0.      ]
 [  0.         0.         0.       ...   0.         0.       162.27927 ]
 [  0.       141.69638    0.       ...   0.        27.504396   0.      ]]","[[-0.2257539  -0.2257539   3.4011595  ... -0.2257539  -0.2257539
  11.637516  ]
 [-0.26517755 13.743775   -0.26517755 ... -0.26517755 -0.26517755
   5.267185  ]
 [-0.284389   -0.284389   -0.284389   ... -0.284389   -0.284389
   4.4642105 ]
 ...
 [-0.32230416  2.6399148   6.66171    ... -0.32230416 -0.32230416
  -0.32230416]
 [-0.27053544 -0.27053544 -0.27053544 ... -0.27053544 -0.27053544
   9.27551   ]
 [-0.22029933  7.2113724  -0.22029933 ... -0.22029933  1.2222474
  -0.22029933]]",221222,mrcuts07
221222_mrcuts07_fov1_mov-000,"[[  0.         0.        39.474453 ...   0.         0.         8.809661]
 [  0.         0.         0.       ...   0.        28.150284  20.241444]
 [  0.         0.         0.       ...  36.313934   0.       101.43551 ]
 ...
 [  0.         0.         0.       ...   0.        70.954094   0.      ]
 [  0.       358.921      0.       ...   0.         0.        84.6173  ]
 [  0.         0.         0.       ... 110.98171   22.90631    0.      ]]","[[-0.34687144 -0.34687144  1.0216819  ... -0.34687144 -0.34687144
  -0.04144626]
 [-0.24188788 -0.24188788 -0.24188788 ... -0.24188788  1.1864942
   0.78518933]
 [-0.32561353 -0.32561353 -0.32561353 ...  0.46498787 -0.32561353
   1.8827689 ]
 ...
 [-0.2973995  -0.2973995  -0.2973995  ... -0.2973995   4.036724
  -0.2973995 ]
 [-0.31364676 11.139122   -0.31364676 ... -0.31364676 -0.31364676
   2.3863971 ]
 [-0.24369176 -0.24369176 -0.24369176 ...  6.1398773   1.0738587
  -0.24369176]]",221222,mrcuts07
221222_mrcuts07_fov2_mov-000,"[[  0.        112.36939     0.        ...   0.         65.94548
    0.       ]
 [  0.          0.          0.        ...   0.          0.
   23.47891  ]
 [  0.         23.667574   43.286797  ...   0.          0.
    0.       ]
 ...
 [  0.          0.          0.        ...   0.          2.7319195
    0.       ]
 [  0.         55.19274     0.        ...   0.          0.
   54.069332 ]
 [  0.         95.96194     0.        ...   0.          0.
   64.33958  ]]","[[-0.3346288   3.3611922  -0.3346288  ... -0.3346288   1.8343132
  -0.3346288 ]
 [-0.24534453 -0.24534453 -0.24534453 ... -0.24534453 -0.24534453
   2.9741678 ]
 [-0.31701118  1.1530539   2.3716633  ... -0.31701118 -0.31701118
  -0.31701118]
 ...
 [-0.23267098 -0.23267098 -0.23267098 ... -0.23267098 -0.08810177
  -0.23267098]
 [-0.3654767   0.8011526  -0.3654767  ... -0.3654767  -0.3654767
   0.77740675]
 [-0.26716107  4.318877   -0.26716107 ... -0.26716107 -0.26716107
   2.807639  ]]",221222,mrcuts07
221222_mrcuts07_fov3_mov-000,"[[  0.         0.         0.       ...   0.         0.         0.      ]
 [  0.       227.89476    0.       ...  10.051295   0.         0.      ]
 [  0.         0.         0.       ...  23.157951   0.         0.      ]
 ...
 [  0.       176.58885    0.       ...   8.354784   0.         0.      ]
 [  0.       720.47876  139.47992  ...   0.         0.         0.      ]
 [  0.         0.         0.       ...   0.         0.         0.      ]]","[[-0.28575245 -0.28575245 -0.28575245 ... -0.28575245 -0.28575245
  -0.28575245]
 [-0.23109125 13.941168   -0.23109125 ...  0.39397603 -0.23109125
  -0.23109125]
 [-0.21618077 -0.21618077 -0.21618077 ...  1.1184573  -0.21618077
  -0.21618077]
 ...
 [-0.33222446  5.2476077  -0.33222446 ... -0.06823104 -0.33222446
  -0.33222446]
 [-0.22093214 37.838257    7.1470747  ... -0.22093214 -0.22093214
  -0.22093214]
 [-0.26986888 -0.26986888 -0.26986888 ... -0.26986888 -0.26986888
  -0.26986888]]",221222,mrcuts07
221222_mrcuts07_fov1_grat-000,"[[  0.         0.       557.8112   ... 147.72552    0.         7.778893]
 [  0.         0.         0.       ...   0.         0.         0.      ]
 [  0.       365.92773  163.12886  ...   0.         0.         0.      ]
 ...
 [  0.         0.       852.85266  ...   0.         0.         0.      ]
 [  0.        11.976162   0.       ...   0.         0.         0.      ]
 [  0.         0.         0.       ...   0.        19.651491   0.      ]]","[[-0.22019467 -0.22019467  6.8473706  ...  1.6515133  -0.22019467
  -0.12163474]
 [-0.31955275 -0.31955275 -0.31955275 ... -0.31955275 -0.31955275
  -0.31955275]
 [-0.245075   10.182955    4.403692   ... -0.245075   -0.245075
  -0.245075  ]
 ...
 [-0.3296445  -0.3296445   6.1910534  ... -0.3296445  -0.3296445
  -0.3296445 ]
 [-0.2491353   0.38881224 -0.2491353  ... -0.2491353  -0.2491353
  -0.2491353 ]
 [-0.23579226 -0.23579226 -0.23579226 ... -0.23579226  0.27755895
  -0.23579226]]",221222,mrcuts07
221214_mrcuts07_fov1_spo-000,"[[  0.          0.          0.        ...   0.8684765  29.114916
    5.4510765]
 [  0.          0.          0.        ...   0.          0.
  133.58398  ]
 [  0.         57.454327  272.45428   ...   0.          0.
    0.       ]
 ...
 [  0.         17.566034    0.        ...   0.          0.
   27.17413  ]
 [  0.        123.01862     6.7025404 ...   0.          0.
  121.40096  ]
 [  0.          3.7167418  79.92904   ...   0.          0.
    0.       ]]","[[-0.43697447 -0.43697447 -0.43697447 ... -0.42149904  0.08182547
  -0.3398415 ]
 [-0.24539484 -0.24539484 -0.24539484 ... -0.24539484 -0.24539484
   3.5020702 ]
 [-0.23405077  2.7049496  13.70299    ... -0.23405077 -0.23405077
  -0.23405077]
 ...
 [-0.24262851  2.2503     -0.24262851 ... -0.24262851 -0.24262851
   3.6138573 ]
 [-0.26538068  5.4106703   0.04387299 ... -0.26538068 -0.26538068
   5.3360314 ]
 [-0.27295187  0.02951422  6.231623   ... -0.27295187 -0.27295187
  -0.27295187]]",221214,mrcuts07
221214_mrcuts07_fov2_spo-000,"[[ 0.         2.092288   0.        ... 57.07084    0.         0.       ]
 [ 0.         0.        51.683647  ...  0.         0.        57.774807 ]
 [ 0.        30.53637    0.        ...  0.         0.         0.       ]
 ...
 [ 0.        41.471947   0.        ...  0.         0.        71.162796 ]
 [ 0.         0.         0.        ...  0.         0.         0.       ]
 [ 0.         0.9788934  0.1395366 ...  0.         0.         0.       ]]","[[-0.28122458 -0.18227771 -0.28122458 ...  2.4177256  -0.28122458
  -0.28122458]
 [-0.29491755 -0.29491755  2.3917444  ... -0.29491755 -0.29491755
   2.70838   ]
 [-0.30049843  4.0077467  -0.30049843 ... -0.30049843 -0.30049843
  -0.30049843]
 ...
 [-0.2717099   3.443308   -0.2717099  ... -0.2717099  -0.2717099
   6.1029863 ]
 [-0.32696047 -0.32696047 -0.32696047 ... -0.32696047 -0.32696047
  -0.32696047]
 [-0.2542213  -0.22979477 -0.2507394  ... -0.2542213  -0.2542213
  -0.2542213 ]]",221214,mrcuts07
221214_mrcuts07_fov2_grat-000,"[[  0.         0.        48.409832 ...   0.         0.         0.      ]
 [  0.         0.         0.       ...   0.         0.        33.51891 ]
 [  0.       231.5484     0.       ...   0.         7.057409   0.      ]
 ...
 [  0.         0.         0.       ...   0.         0.         0.      ]
 [  0.         0.         0.       ...   0.         0.         0.      ]
 [  0.         0.         0.       ...   0.        60.84952    0.      ]]","[[-0.28911513 -0.28911513  2.02503    ... -0.28911513 -0.28911513
  -0.28911513]
 [-0.28180522 -0.28180522 -0.28180522 ... -0.28180522 -0.28180522
   4.844087  ]
 [-0.33993936  9.297783   -0.33993936 ... -0.33993936 -0.04618935
  -0.33993936]
 ...
 [-0.30893928 -0.30893928 -0.30893928 ... -0.30893928 -0.30893928
  -0.30893928]
 [-0.30291095 -0.30291095 -0.30291095 ... -0.30291095 -0.30291095
  -0.30291095]
 [-0.28612468 -0.28612468 -0.28612468 ... -0.28612468  1.186095
  -0.28612468]]",221214,mrcuts07
221214_mrcuts07_fov3_grat-000,"[[  0.        108.599915    0.        ...   0.          0.
   35.58747  ]
 [  0.          0.          0.        ...   0.          0.
    0.       ]
 [  0.          0.          5.7573075 ...   0.          0.
    0.       ]
 ...
 [  0.         30.314037    0.        ...   0.          0.
   61.173885 ]
 [  0.          0.          0.        ...   0.          0.
    0.       ]
 [  0.          0.          0.        ...   0.          0.
   69.627365 ]]","[[-0.31511927  4.59835    -0.31511927 ... -0.31511927 -0.31511927
   1.2949921 ]
 [-0.29561606 -0.29561606 -0.29561606 ... -0.29561606 -0.29561606
  -0.29561606]
 [-0.3036792  -0.3036792   0.10924627 ... -0.3036792  -0.3036792
  -0.3036792 ]
 ...
 [-0.3421717   0.7973309  -0.3421717  ... -0.3421717  -0.3421717
   1.9573505 ]
 [-0.19785492 -0.19785492 -0.19785492 ... -0.19785492 -0.19785492
  -0.19785492]
 [-0.22082464 -0.22082464 -0.22082464 ... -0.22082464 -0.22082464
   2.8248994 ]]",221214,mrcuts07
221214_mrcuts07_fov3_spo-000,"[[  0.         0.         9.930833 ...   0.         0.        62.28056 ]
 [  0.         0.         0.       ...   0.         0.         0.      ]
 [  0.         8.752603  80.38665  ...   0.         0.         0.      ]
 ...
 [  0.         0.        76.443924 ...   0.         0.         0.      ]
 [  0.         0.        46.0998   ... 108.08039    0.         0.      ]
 [  0.         0.        39.399006 ...  23.62845    0.         0.      ]]","[[-0.23615058 -0.23615058  0.42095295 ... -0.23615058 -0.23615058
   3.8848305 ]
 [-0.24878952 -0.24878952 -0.24878952 ... -0.24878952 -0.24878952
  -0.24878952]
 [-0.24271068  0.19165644  3.7466533  ... -0.24271068 -0.24271068
  -0.24271068]
 ...
 [-0.20931867 -0.20931867  4.4799657  ... -0.20931867 -0.20931867
  -0.20931867]
 [-0.23942034 -0.23942034  2.0780795  ...  5.1939282  -0.23942034
  -0.23942034]
 [-0.2379287  -0.2379287   3.5429657  ...  2.0295568  -0.2379287
  -0.2379287 ]]",221214,mrcuts07
221214_mrcuts07_fov2_mov-000,"[[ 0.        70.75909    2.3123739 ...  0.         0.        82.03845  ]
 [ 0.         0.        17.403349  ...  0.         0.         0.       ]
 [ 0.         0.         0.        ...  0.         0.         0.       ]
 ...
 [ 0.         0.        52.167084  ...  0.         0.         0.       ]
 [ 0.         0.         0.        ... 52.08866    0.         0.       ]
 [ 0.         0.         0.        ...  0.         0.        47.238277 ]]","[[-0.2947847   3.590995   -0.16779923 ... -0.2947847  -0.2947847
   4.2104087 ]
 [-0.34488285 -0.34488285  0.32687038 ... -0.34488285 -0.34488285
  -0.34488285]
 [-0.28991672 -0.28991672 -0.28991672 ... -0.28991672 -0.28991672
  -0.28991672]
 ...
 [-0.26698455 -0.26698455  3.5933774  ... -0.26698455 -0.26698455
  -0.26698455]
 [-0.28526878 -0.28526878 -0.28526878 ...  1.6506778  -0.28526878
  -0.28526878]
 [-0.28104624 -0.28104624 -0.28104624 ... -0.28104624 -0.28104624
   0.9956146 ]]",221214,mrcuts07
221214_mrcuts07_fov3_mov-000,"[[  0.          0.         12.949342  ...   0.          0.
   37.087456 ]
 [  0.          0.        221.15768   ...  24.26387     0.
   40.25931  ]
 [  0.         74.442154    0.        ...   2.6563656   0.
  114.17508  ]
 ...
 [  0.          0.          0.        ...   0.          0.
   20.051828 ]
 [  0.          0.          0.        ...   0.          0.
    0.       ]
 [  0.         42.811558    0.        ...  15.188091    0.
    0.       ]]","[[-0.29767746 -0.29767746  0.40279427 ... -0.29767746 -0.29767746
   1.7085029 ]
 [-0.2812962  -0.2812962  13.411472   ...  1.2209784  -0.2812962
   2.2113209 ]
 [-0.31847242  4.6271534  -0.31847242 ... -0.14199457 -0.31847242
   7.266843  ]
 ...
 [-0.22014119 -0.22014119 -0.22014119 ... -0.22014119 -0.22014119
   1.2133685 ]
 [-0.233276   -0.233276   -0.233276   ... -0.233276   -0.233276
  -0.233276  ]
 [-0.23730099  5.5098753  -0.23730099 ...  1.8016025  -0.23730099
  -0.23730099]]",221214,mrcuts07
221214_mrcuts07_fov1_mov-000,"[[  0.          0.         61.63308   ...   0.         74.53519
   39.43158  ]
 [  0.          2.6077182  33.607742  ...   0.          0.
   28.790548 ]
 [  0.          0.          0.        ...  87.18188    17.527903
    0.       ]
 ...
 [  0.          0.          0.        ...   0.         49.621117
    0.       ]
 [  0.          0.         23.432364  ...   0.          0.
   65.02127  ]
 [  0.        232.97374     0.        ...   0.          0.
  102.147804 ]]","[[-0.22828211 -0.22828211  1.5753931  ... -0.22828211  1.9529698
   0.9256723 ]
 [-0.24414554 -0.07397984  1.9489154  ... -0.24414554 -0.24414554
   1.6345712 ]
 [-0.392483   -0.392483   -0.392483   ...  1.9674108   0.08197325
  -0.392483  ]
 ...
 [-0.33948535 -0.33948535 -0.33948535 ... -0.33948535  1.8602583
  -0.33948535]
 [-0.21241789 -0.21241789  1.5033797  ... -0.21241789 -0.21241789
   4.548661  ]
 [-0.28510404 11.133454   -0.28510404 ... -0.28510404 -0.28510404
   4.721386  ]]",221214,mrcuts07
221214_mrcuts07_fov1_grat-000,"[[  0.       120.25161    0.       ...   0.        42.619423  38.904575]
 [  0.         0.        25.749577 ...   0.        11.215597  73.185165]
 [  0.       101.32309    0.       ...   0.         0.         0.      ]
 ...
 [  0.         0.         0.       ...   0.       107.056435   0.      ]
 [  0.         0.         0.       ...  77.990654   0.         0.      ]
 [  0.         0.         0.       ...   0.         0.        54.283173]]","[[-0.28879026  2.540949   -0.28879026 ... -0.28879026  0.7141224
   0.6267053 ]
 [-0.23042631 -0.23042631  0.5850369  ... -0.23042631  0.12476035
   2.0872743 ]
 [-0.21603741  4.5208206  -0.21603741 ... -0.21603741 -0.21603741
  -0.21603741]
 ...
 [-0.33527535 -0.33527535 -0.33527535 ... -0.33527535  4.161648
  -0.33527535]
 [-0.31071776 -0.31071776 -0.31071776 ...  2.007306   -0.31071776
  -0.31071776]
 [-0.26375148 -0.26375148 -0.26375148 ... -0.26375148 -0.26375148
   3.5066884 ]]",221214,mrcuts07
221123_mrcuts07_fov2_mov-000,"[[  0.          0.          0.        ...   0.          0.
    0.       ]
 [  0.          0.         33.097374  ...   1.8580756   0.
   16.572788 ]
 [  0.          0.          0.        ...  57.5593     11.784963
    0.       ]
 ...
 [  0.          0.          0.        ...   0.        161.52213
    0.       ]
 [  0.          0.          0.        ...   0.        142.25758
    0.       ]
 [  0.          0.          0.        ...  38.390533    0.
    0.       ]]","[[-0.17769709 -0.17769709 -0.17769709 ... -0.17769709 -0.17769709
  -0.17769709]
 [-0.24657695 -0.24657695  4.9218283  ...  0.0435756  -0.24657695
   2.3413892 ]
 [-0.2775028  -0.2775028  -0.2775028  ...  5.185946    0.8411095
  -0.2775028 ]
 ...
 [-0.30141404 -0.30141404 -0.30141404 ... -0.30141404  5.1106334
  -0.30141404]
 [-0.19878061 -0.19878061 -0.19878061 ... -0.19878061  5.9550004
  -0.19878061]
 [-0.2762253  -0.2762253  -0.2762253  ...  0.8193173  -0.2762253
  -0.2762253 ]]",221123,mrcuts07
221123_mrcuts07_fov1_grat-000,"[[  0.           0.           0.         ...   0.           0.
  184.74272   ]
 [  0.           0.           0.         ... 109.35034      0.
    0.        ]
 [  0.           0.           0.         ...   0.           0.
    0.        ]
 ...
 [  0.           0.           0.         ...   0.33961117   0.
    0.        ]
 [  0.           0.           0.         ...   0.           0.
    0.        ]
 [  0.           0.           0.         ...   0.           0.
    0.        ]]","[[-0.22696169 -0.22696169 -0.22696169 ... -0.22696169 -0.22696169
   8.648265  ]
 [-0.24297263 -0.24297263 -0.24297263 ...  4.65257    -0.24297263
  -0.24297263]
 [-0.22901998 -0.22901998 -0.22901998 ... -0.22901998 -0.22901998
  -0.22901998]
 ...
 [-0.3127217  -0.3127217  -0.3127217  ... -0.29016846 -0.3127217
  -0.3127217 ]
 [-0.2716559  -0.2716559  -0.2716559  ... -0.2716559  -0.2716559
  -0.2716559 ]
 [-0.31013444 -0.31013444 -0.31013444 ... -0.31013444 -0.31013444
  -0.31013444]]",221123,mrcuts07
221123_mrcuts07_fov1_mov-000,"[[  0.           0.           0.         ...   0.          35.08464
   70.974106  ]
 [  0.          59.085052     0.         ...   0.           0.
    0.        ]
 [  0.          79.544556     0.         ...   0.          28.033894
  140.50063   ]
 ...
 [  0.          11.5750675    0.         ...   0.           0.
    0.        ]
 [  0.           0.25852284  51.445297   ...   0.           0.
    0.        ]
 [  0.          76.229996     0.         ...   0.           0.
    0.        ]]","[[-0.24608582 -0.24608582 -0.24608582 ... -0.24608582  1.6774462
   3.645103  ]
 [-0.36425698  1.3956252  -0.36425698 ... -0.36425698 -0.36425698
  -0.36425698]
 [-0.24415454  3.6565986  -0.24415454 ... -0.24415454  1.130588
   6.645798  ]
 ...
 [-0.29304338  0.25487828 -0.29304338 ... -0.29304338 -0.29304338
  -0.29304338]
 [-0.24482578 -0.22299977  4.098489   ... -0.24482578 -0.24482578
  -0.24482578]
 [-0.27783892  6.261494   -0.27783892 ... -0.27783892 -0.27783892
  -0.27783892]]",221123,mrcuts07
221123_mrcuts07_fov2_grat-000,"[[ 0.         0.         0.        ...  0.         0.        48.122517 ]
 [ 0.         0.         0.        ...  1.4985851  0.         0.       ]
 [ 0.        40.16214    0.        ...  0.        29.986195   0.       ]
 ...
 [ 0.        64.26246    0.        ...  0.         0.         0.       ]
 [ 0.         0.         0.        ...  0.         0.         0.       ]
 [ 0.        14.528542   0.        ...  0.        70.69821    0.       ]]","[[-0.20063874 -0.20063874 -0.20063874 ... -0.20063874 -0.20063874
   3.8568778 ]
 [-0.21725988 -0.21725988 -0.21725988 ...  0.01030201 -0.21725988
  -0.21725988]
 [-0.29223338  1.8793104  -0.29223338 ... -0.29223338  1.3291029
  -0.29223338]
 ...
 [-0.30577952  1.8231018  -0.30577952 ... -0.30577952 -0.30577952
  -0.30577952]
 [-0.21136202 -0.21136202 -0.21136202 ... -0.21136202 -0.21136202
  -0.21136202]
 [-0.25867358  0.17880751 -0.25867358 ... -0.25867358  1.8701795
  -0.25867358]]",221123,mrcuts07
221123_mrcuts07_fov1_spo-001,"[[  0.         0.        44.744667 ...   0.         0.         0.      ]
 [  0.         0.         0.       ...  18.97696    0.         0.      ]
 [  0.        18.98602   34.197598 ...   0.         0.       186.57578 ]
 ...
 [  0.       122.2416     0.       ...  11.735117   0.        44.066917]
 [  0.         0.        13.107794 ...   0.         0.         0.      ]
 [  0.         0.         0.       ...   0.         0.         0.      ]]","[[-0.45414126 -0.45414126  0.58456486 ... -0.45414126 -0.45414126
  -0.45414126]
 [-0.41574943 -0.41574943 -0.41574943 ... -0.05056876 -0.41574943
  -0.41574943]
 [-0.23519175  0.2547984   0.647378   ... -0.23519175 -0.23519175
   4.5799456 ]
 ...
 [-0.24679272  9.010347   -0.24679272 ...  0.64188695 -0.24679272
   3.090317  ]
 [-0.31637037 -0.31637037  0.4200591  ... -0.31637037 -0.31637037
  -0.31637037]
 [-0.22623587 -0.22623587 -0.22623587 ... -0.22623587 -0.22623587
  -0.22623587]]",221123,mrcuts07
221123_mrcuts07_fov2_spo-000,"[[ 0.       51.236374  0.       ... 22.820011  0.        0.      ]
 [ 0.        0.        0.       ...  0.        0.       54.878376]
 [ 0.        0.        0.       ... 25.282795 22.62646   0.      ]
 ...
 [ 0.        0.        0.       ...  0.        7.084456 53.573513]
 [ 0.        0.       21.204481 ...  0.        0.        0.      ]
 [ 0.        7.697231  0.       ... 43.23016   4.197911 75.81021 ]]","[[-2.4929264e-01  6.6146255e+00 -2.4929264e-01 ...  2.8078070e+00
  -2.4929264e-01 -2.4929264e-01]
 [-2.7229190e-01 -2.7229190e-01 -2.7229190e-01 ... -2.7229190e-01
  -2.7229190e-01  2.6750567e+00]
 [-2.3876493e-01 -2.3876493e-01 -2.3876493e-01 ...  4.1392975e+00
   3.6793165e+00 -2.3876493e-01]
 ...
 [-2.3688795e-01 -2.3688795e-01 -2.3688795e-01 ... -2.3688795e-01
   4.5469385e-01  4.9929371e+00]
 [-2.5446945e-01 -2.5446945e-01  2.0122030e+00 ... -2.5446945e-01
  -2.5446945e-01 -2.5446945e-01]
 [-2.5088865e-01  4.8227473e-03 -2.5088865e-01 ...  1.1852700e+00
  -1.1142893e-01  2.2676189e+00]]",221123,mrcuts07
230803_mrcuts25_fov6_spo-000,"[[  0.         0.         0.       ...   0.         0.         0.      ]
 [  0.        10.677871   0.       ...   0.         0.         0.      ]
 [  0.         2.58855    0.       ...   0.         0.         0.      ]
 ...
 [  0.         0.         0.       ...   0.         0.         0.      ]
 [  0.         0.         0.       ...   0.       100.60157    0.      ]
 [  0.         0.         0.       ...  61.834057   0.         0.      ]]","[[-0.24795209 -0.24795209 -0.24795209 ... -0.24795209 -0.24795209
  -0.24795209]
 [-0.24534555  1.3329734  -0.24534555 ... -0.24534555 -0.24534555
  -0.24534555]
 [-0.24002653 -0.02190598 -0.24002653 ... -0.24002653 -0.24002653
  -0.24002653]
 ...
 [-0.22315331 -0.22315331 -0.22315331 ... -0.22315331 -0.22315331
  -0.22315331]
 [-0.24420203 -0.24420203 -0.24420203 ... -0.24420203  3.5695891
  -0.24420203]
 [-0.22530091 -0.22530091 -0.22530091 ...  0.66217583 -0.22530091
  -0.22530091]]",230803,mrcuts25
230803_mrcuts25_fov4_spo-000,"[[  0.         0.         0.       ...   0.         0.       112.243195]
 [  0.         0.         0.       ...  15.369263   0.        85.031075]
 [  0.         0.         0.       ...   0.        21.492788   0.      ]
 ...
 [  0.         0.         0.       ...  90.102554   0.         0.      ]
 [  0.        39.41087   40.938335 ...   0.         0.         0.      ]
 [  0.         0.         0.       ...  52.35252    0.         0.      ]]","[[-0.2359078  -0.2359078  -0.2359078  ... -0.2359078  -0.2359078
  10.992444  ]
 [-0.23931502 -0.23931502 -0.23931502 ...  0.7361491  -0.23931502
   5.1574802 ]
 [-0.33546948 -0.33546948 -0.33546948 ... -0.33546948  0.19963413
  -0.33546948]
 ...
 [-0.21773972 -0.21773972 -0.21773972 ...  4.3792024  -0.21773972
  -0.21773972]
 [-0.24337338  4.7878194   4.9828157  ... -0.24337338 -0.24337338
  -0.24337338]
 [-0.24268106 -0.24268106 -0.24268106 ...  5.8018565  -0.24268106
  -0.24268106]]",230803,mrcuts25
230803_mrcuts25_fov5_spo-000,"[[  0.          0.         36.50329   ...   0.          0.
    0.       ]
 [  0.          0.          0.        ...   0.          0.
   37.99227  ]
 [  0.          0.         40.401894  ...   0.          0.
    0.       ]
 ...
 [  0.          0.        207.90378   ...   1.7749393   0.
    0.       ]
 [  0.          0.          0.        ...   0.          0.
    0.       ]
 [  0.        157.33037    37.213207  ...   0.        255.68956
    0.       ]]","[[-0.25509408 -0.25509408  2.7101808  ... -0.25509408 -0.25509408
  -0.25509408]
 [-0.22272386 -0.22272386 -0.22272386 ... -0.22272386 -0.22272386
   1.6116105 ]
 [-0.24050787 -0.24050787  0.7629701  ... -0.24050787 -0.24050787
  -0.24050787]
 ...
 [-0.2079129  -0.2079129   6.073905   ... -0.15428306 -0.2079129
  -0.2079129 ]
 [-0.23325786 -0.23325786 -0.23325786 ... -0.23325786 -0.23325786
  -0.23325786]
 [-0.5376636   0.813926   -0.21797335 ... -0.5376636   1.6589075
  -0.5376636 ]]",230803,mrcuts25
230803_mrcuts25_fov5_grat-000,"[[  0.         0.         0.       ...   0.         0.       133.14445 ]
 [  0.         0.         0.       ...   0.         0.         5.174658]
 [  0.       111.853745   0.       ...   0.         0.         0.      ]
 ...
 [  0.         0.         0.       ...   0.         0.       128.57341 ]
 [  0.        26.18855    0.       ...   0.         0.         0.      ]
 [  0.         0.         0.       ...   0.         0.         0.      ]]","[[-0.24803068 -0.24803068 -0.24803068 ... -0.24803068 -0.24803068
  15.333372  ]
 [-0.24787746 -0.24787746 -0.24787746 ... -0.24787746 -0.24787746
   0.34925652]
 [-0.2701268   5.009383   -0.2701268  ... -0.2701268  -0.2701268
  -0.2701268 ]
 ...
 [-0.25070503 -0.25070503 -0.25070503 ... -0.25070503 -0.25070503
   5.3996663 ]
 [-0.2555198   1.6700186  -0.2555198  ... -0.2555198  -0.2555198
  -0.2555198 ]
 [-0.22061527 -0.22061527 -0.22061527 ... -0.22061527 -0.22061527
  -0.22061527]]",230803,mrcuts25
230803_mrcuts25_fov4_grat-000,"[[  0.          5.4033957   0.        ...   0.          0.
    0.       ]
 [  0.          0.         68.01303   ...   0.        118.27004
    0.       ]
 [  0.          0.          0.        ...   0.          0.
    0.       ]
 ...
 [  0.          0.          0.        ...   0.        110.24998
   48.208134 ]
 [  0.          0.          0.        ...  20.555424  236.18822
  234.66644  ]
 [  0.          0.          0.        ... 515.84515   460.95267
    0.       ]]","[[-0.24485523  0.31702244 -0.24485523 ... -0.24485523 -0.24485523
  -0.24485523]
 [-0.25336245 -0.25336245  4.102958   ... -0.25336245  7.3219833
  -0.25336245]
 [-0.25250968 -0.25250968 -0.25250968 ... -0.25250968 -0.25250968
  -0.25250968]
 ...
 [-0.2463762  -0.2463762  -0.2463762  ... -0.2463762   2.396516
   0.9092604 ]
 [-0.50536036 -0.50536036 -0.50536036 ... -0.35362673  1.2381066
   1.2268733 ]
 [-0.5952883  -0.5952883  -0.5952883  ...  1.4981784   1.2754068
  -0.5952883 ]]",230803,mrcuts25
230803_mrcuts25_fov4_mov-000,"[[  0.          0.          0.        ...   0.          3.3805442
    0.       ]
 [  0.          0.          0.        ...   0.          0.
    0.       ]
 [  0.          0.          0.        ...   0.        254.76974
    0.       ]
 ...
 [  0.          0.          0.        ...   0.          0.
    0.       ]
 [  0.          0.          0.        ...   0.          0.
    0.       ]
 [  0.          0.          0.        ...   0.          0.
    0.       ]]","[[-0.47027004 -0.47027004 -0.47027004 ... -0.47027004 -0.41846046
  -0.47027004]
 [-0.3779083  -0.3779083  -0.3779083  ... -0.3779083  -0.3779083
  -0.3779083 ]
 [-0.24590376 -0.24590376 -0.24590376 ... -0.24590376  3.0244105
  -0.24590376]
 ...
 [-0.26071545 -0.26071545 -0.26071545 ... -0.26071545 -0.26071545
  -0.26071545]
 [-0.24501434 -0.24501434 -0.24501434 ... -0.24501434 -0.24501434
  -0.24501434]
 [-0.25290254 -0.25290254 -0.25290254 ... -0.25290254 -0.25290254
  -0.25290254]]",230803,mrcuts25
230803_mrcuts25_fov5_mov-000,"[[  0.          0.          0.        ...   0.          0.
   87.050125 ]
 [  0.         64.177765    0.        ...   0.          0.
   49.939953 ]
 [  0.          0.          0.        ...  25.324938    0.
    0.       ]
 ...
 [  0.          0.          0.        ...   0.         23.254396
    0.       ]
 [  0.          0.8028604   0.        ...   0.          0.
  189.4045   ]
 [  0.          0.          0.        ...   0.         29.259224
    0.       ]]","[[-0.24930128 -0.24930128 -0.24930128 ... -0.24930128 -0.24930128
   7.879735  ]
 [-0.3126288   2.8121045  -0.3126288  ... -0.3126288  -0.3126288
   2.1188836 ]
 [-0.23950206 -0.23950206 -0.23950206 ...  2.1900463  -0.23950206
  -0.23950206]
 ...
 [-0.24443337 -0.24443337 -0.24443337 ... -0.24443337  1.3032333
  -0.24443337]
 [-0.26180604 -0.18551637 -0.26180604 ... -0.26180604 -0.26180604
  17.735853  ]
 [-0.23020464 -0.23020464 -0.23020464 ... -0.23020464  2.3074682
  -0.23020464]]",230803,mrcuts25
230803_mrcuts25_fov6_grat-000,"[[  0.         0.       106.633514 ... 327.31616    0.         0.      ]
 [  0.       114.88974    0.       ...   0.         0.         0.      ]
 [  0.         0.         0.       ...   0.         0.         0.      ]
 ...
 [  0.         0.         0.       ...   0.       138.8567     0.      ]
 [  0.        15.673261   0.       ...  85.826065   0.        68.71153 ]
 [  0.         0.         0.       ...   0.         0.         0.      ]]","[[-0.25088337 -0.25088337  1.7444743  ...  5.873953   -0.25088337
  -0.25088337]
 [-0.2597665   0.9751915  -0.2597665  ... -0.2597665  -0.2597665
  -0.2597665 ]
 [-0.2501845  -0.2501845  -0.2501845  ... -0.2501845  -0.2501845
  -0.2501845 ]
 ...
 [-0.28113484 -0.28113484 -0.28113484 ... -0.28113484  1.1631672
  -0.28113484]
 [-0.3991331   0.23745395 -0.3991331  ...  3.0867887  -0.3991331
   2.3916628 ]
 [-0.5281619  -0.5281619  -0.5281619  ... -0.5281619  -0.5281619
  -0.5281619 ]]",230803,mrcuts25
230803_mrcuts25_fov6_mov-000,"[[  0.       113.944496   0.       ...   0.         0.         0.      ]
 [  0.       125.2277     0.       ...   0.         0.         0.      ]
 [  0.         0.         0.       ...   0.        42.926353  88.159   ]
 ...
 [  0.         0.         0.       ... 329.07       0.         0.      ]
 [  0.         0.         0.       ...   3.715638 145.38518  262.6424  ]
 [  0.       124.37327    0.       ...   0.         0.         0.      ]]","[[-0.2514919   8.59997    -0.2514919  ... -0.2514919  -0.2514919
  -0.2514919 ]
 [-0.25003847 14.679418   -0.25003847 ... -0.25003847 -0.25003847
  -0.25003847]
 [-0.2467676  -0.2467676  -0.2467676  ... -0.2467676   3.4165208
   7.276625  ]
 ...
 [-0.2619784  -0.2619784  -0.2619784  ...  3.5137734  -0.2619784
  -0.2619784 ]
 [-0.25301987 -0.25301987 -0.25301987 ... -0.16427234  3.219486
   6.0201592 ]
 [-0.21688563  2.5988178  -0.21688563 ... -0.21688563 -0.21688563
  -0.21688563]]",230803,mrcuts25
230803_mrcuts24_fov2_mov-000,"[[  0.         0.         0.       ...  74.42399  102.83656   42.389   ]
 [  0.        26.345604  78.89344  ...   0.         0.         0.      ]
 [  0.       674.2999     0.       ...   0.         0.         0.      ]
 ...
 [  0.         0.         0.       ...  39.299763   0.         0.      ]
 [  0.         0.       202.05833  ...   0.         0.         0.      ]
 [  0.         0.         0.       ...   0.         0.       888.5032  ]]","[[-0.24953409 -0.24953409 -0.24953409 ...  5.160855    7.2263594
   2.8320124 ]
 [-0.29922113  5.1150503  15.91413    ... -0.29922113 -0.29922113
  -0.29922113]
 [-0.2521696  15.142902   -0.2521696  ... -0.2521696  -0.2521696
  -0.2521696 ]
 ...
 [-0.2949078  -0.2949078  -0.2949078  ...  0.16561192 -0.2949078
  -0.2949078 ]
 [-0.24476275 -0.24476275  5.7553644  ... -0.24476275 -0.24476275
  -0.24476275]
 [-0.23933217 -0.23933217 -0.23933217 ... -0.23933217 -0.23933217
  11.314861  ]]",230803,mrcuts24
230803_mrcuts24_fov1_mov-000,"[[  0.         0.         0.       ...   0.         0.        30.849955]
 [  0.         0.         0.       ...   8.139669   0.         0.      ]
 [  0.         0.         0.       ...   0.       228.19672   26.592333]
 ...
 [  0.         0.         0.       ...   0.         0.         0.      ]
 [  0.         0.         0.       ...   0.         0.         0.      ]
 [  0.         0.         0.       ...  82.329506   0.        96.08957 ]]","[[-0.26522407 -0.26522407 -0.26522407 ... -0.26522407 -0.26522407
   2.491046  ]
 [-0.25358313 -0.25358313 -0.25358313 ...  0.6482139  -0.25358313
  -0.25358313]
 [-0.2509953  -0.2509953  -0.2509953  ... -0.2509953   6.8484907
   0.57632554]
 ...
 [-0.26967716 -0.26967716 -0.26967716 ... -0.26967716 -0.26967716
  -0.26967716]
 [-0.25598326 -0.25598326 -0.25598326 ... -0.25598326 -0.25598326
  -0.25598326]
 [-0.2521288  -0.2521288  -0.2521288  ...  1.8567482  -0.2521288
   2.2092133 ]]",230803,mrcuts24
230803_mrcuts24_fov1_grat-000,"[[  0.        86.14471    0.       ...   0.         0.         0.      ]
 [  0.         0.         0.       ...   0.        38.225708   0.      ]
 [  0.         0.         0.       ...   0.         0.        61.65138 ]
 ...
 [  0.       207.6196     0.       ... 125.74779    0.         0.      ]
 [  0.         0.         0.       ...   0.         0.         0.      ]
 [  0.         0.         0.       ...   0.         0.       228.39603 ]]","[[-0.263551    7.154592   -0.263551   ... -0.263551   -0.263551
  -0.263551  ]
 [-0.2522889  -0.2522889  -0.2522889  ... -0.2522889   4.0507874
  -0.2522889 ]
 [-0.25466567 -0.25466567 -0.25466567 ... -0.25466567 -0.25466567
   6.9814916 ]
 ...
 [-0.24041145  6.057968   -0.24041145 ...  3.5742924  -0.24041145
  -0.24041145]
 [-0.26323995 -0.26323995 -0.26323995 ... -0.26323995 -0.26323995
  -0.26323995]
 [-0.25374618 -0.25374618 -0.25374618 ... -0.25374618 -0.25374618
   4.4139433 ]]",230803,mrcuts24
230803_mrcuts24_fov1_spo-000,"[[  0.        106.30703     7.4255147 ...   0.          0.
    0.       ]
 [  0.          0.          0.        ...  33.582607    0.
    0.       ]
 [  0.         97.62271     0.        ...   0.          0.
    0.       ]
 ...
 [  0.          0.          0.        ...   0.          0.
    0.       ]
 [  0.          0.          0.        ...   0.          0.
    0.       ]
 [  0.          0.          0.        ...   0.          0.
   24.662067 ]]","[[-0.23251769 23.31872     1.4125293  ... -0.23251769 -0.23251769
  -0.23251769]
 [-0.2508563  -0.2508563  -0.2508563  ...  4.4996395  -0.2508563
  -0.2508563 ]
 [-0.28026423  8.627473   -0.28026423 ... -0.28026423 -0.28026423
  -0.28026423]
 ...
 [-0.25515753 -0.25515753 -0.25515753 ... -0.25515753 -0.25515753
  -0.25515753]
 [-0.24903294 -0.24903294 -0.24903294 ... -0.24903294 -0.24903294
  -0.24903294]
 [-0.24328844 -0.24328844 -0.24328844 ... -0.24328844 -0.24328844
   1.516817  ]]",230803,mrcuts24
230803_mrcuts24_fov2_spo-000,"[[ 0.         0.         9.118084  ...  0.        43.095947   0.       ]
 [ 0.         0.         0.        ... 32.468937   0.         0.       ]
 [ 0.         0.         0.        ...  0.         0.         0.       ]
 ...
 [ 0.         0.         0.        ...  0.         5.759103  27.256218 ]
 [ 0.         0.         0.        ...  0.         1.7715673 94.51451  ]
 [ 0.         0.         0.        ...  0.         0.         0.       ]]","[[-0.2619889  -0.2619889   0.6353298  ... -0.2619889   3.9791212
  -0.2619889 ]
 [-0.24262202 -0.24262202 -0.24262202 ...  2.1616035  -0.24262202
  -0.24262202]
 [-0.26601744 -0.26601744 -0.26601744 ... -0.26601744 -0.26601744
  -0.26601744]
 ...
 [-0.25099874 -0.25099874 -0.25099874 ... -0.25099874 -0.04120072
   0.7419164 ]
 [-0.2505003  -0.2505003  -0.2505003  ... -0.2505003  -0.02428756
  11.818127  ]
 [-0.21582474 -0.21582474 -0.21582474 ... -0.21582474 -0.21582474
  -0.21582474]]",230803,mrcuts24
230803_mrcuts24_fov2_grat-000,"[[  0.          22.613365     0.         ...   0.         116.41282
    0.        ]
 [  0.           0.           0.         ...   0.15666156   0.
    0.        ]
 [  0.          17.61222      0.         ...   0.           0.
    0.        ]
 ...
 [  0.          72.06436      0.         ...   0.           0.
    0.        ]
 [  0.         102.98937      0.         ...   0.           0.
    0.        ]
 [  0.           0.           0.         ...   0.           2.7141728
    3.3502908 ]]","[[-0.24860357  2.1795366  -0.24860357 ... -0.24860357 12.251377
  -0.24860357]
 [-0.24163887 -0.24163887 -0.24163887 ... -0.22641303 -0.24163887
  -0.24163887]
 [-0.25756752  1.657297   -0.25756752 ... -0.25756752 -0.25756752
  -0.25756752]
 ...
 [-0.31737164  2.569932   -0.31737164 ... -0.31737164 -0.31737164
  -0.31737164]
 [-0.2344906   7.5267315  -0.2344906  ... -0.2344906  -0.2344906
  -0.2344906 ]
 [-0.2723576  -0.2723576  -0.2723576  ... -0.2723576  -0.1515325
  -0.12321485]]",230803,mrcuts24
230804_mrcuts26_fov3_mov-000,"[[  0.          0.          0.        ...  98.980156   33.647316
    0.       ]
 [  0.          0.          0.        ...   0.          0.
   54.641106 ]
 [  0.          0.          0.        ...   0.          0.
  111.38456  ]
 ...
 [  0.          0.          0.        ...   0.          0.
   79.85683  ]
 [  0.        267.72696    27.030275  ...   0.          0.
    0.       ]
 [  0.          9.5015545   0.        ...  94.23259     0.
    0.       ]]","[[-0.28748626 -0.28748626 -0.28748626 ...  5.5224504   1.6875439
  -0.28748626]
 [-0.28840613 -0.28840613 -0.28840613 ... -0.28840613 -0.28840613
   1.6560903 ]
 [-0.31147367 -0.31147367 -0.31147367 ... -0.31147367 -0.31147367
   1.0055304 ]
 ...
 [-0.49576917 -0.49576917 -0.49576917 ... -0.49576917 -0.49576917
   1.5077208 ]
 [-0.47290754  8.165222    0.39921615 ... -0.47290754 -0.47290754
  -0.47290754]
 [-0.45804843 -0.06896928 -0.45804843 ...  3.4006817  -0.45804843
  -0.45804843]]",230804,mrcuts26
230804_mrcuts26_fov3_grat-000,"[[  0.          0.          0.        ...   0.          0.
  279.64542  ]
 [  0.        170.1993      0.        ...   0.          0.
  175.69084  ]
 [  0.          0.          0.        ...   2.8440306   0.
  169.59904  ]
 ...
 [  0.          0.          0.        ...   0.          0.
  272.24753  ]
 [  0.          0.          0.        ...   0.          0.
    0.       ]
 [  0.          0.          0.        ...   0.          0.
    0.       ]]","[[-0.36897954 -0.36897954 -0.36897954 ... -0.36897954 -0.36897954
  14.520722  ]
 [-0.2084248   7.5770125  -0.2084248  ... -0.2084248  -0.2084248
   7.8282127 ]
 [-0.24972233 -0.24972233 -0.24972233 ...  0.04856706 -0.24972233
  17.53827   ]
 ...
 [-0.22235857 -0.22235857 -0.22235857 ... -0.22235857 -0.22235857
  30.169214  ]
 [-0.25490212 -0.25490212 -0.25490212 ... -0.25490212 -0.25490212
  -0.25490212]
 [-0.24644458 -0.24644458 -0.24644458 ... -0.24644458 -0.24644458
  -0.24644458]]",230804,mrcuts26
230804_mrcuts26_fov5_spo-000,"[[  0.         0.         0.       ...  25.092512   0.         0.      ]
 [  0.         0.         0.       ...   0.         0.         0.      ]
 [  0.         0.         0.       ...   0.         0.       123.99141 ]
 ...
 [  0.         0.         0.       ...   0.         0.        54.63959 ]
 [  0.         0.         0.       ...   0.         0.         0.      ]
 [  0.         0.         0.       ...   0.         0.        48.02542 ]]","[[-0.23274307 -0.23274307 -0.23274307 ...  1.8393332  -0.23274307
  -0.23274307]
 [-0.2242504  -0.2242504  -0.2242504  ... -0.2242504  -0.2242504
  -0.2242504 ]
 [-0.2303557  -0.2303557  -0.2303557  ... -0.2303557  -0.2303557
  13.331747  ]
 ...
 [-0.24733645 -0.24733645 -0.24733645 ... -0.24733645 -0.24733645
   7.0833693 ]
 [-0.27657866 -0.27657866 -0.27657866 ... -0.27657866 -0.27657866
  -0.27657866]
 [-0.24785356 -0.24785356 -0.24785356 ... -0.24785356 -0.24785356
   6.1542535 ]]",230804,mrcuts26
230804_mrcuts26_fov5_grat-000,"[[  0.          0.          0.        ... 125.565994    0.
    0.       ]
 [  0.          0.          0.        ...   0.          0.
    0.       ]
 [  0.          0.          0.        ...   0.         13.302974
    0.       ]
 ...
 [  0.          0.          0.        ...   0.          0.
    0.       ]
 [  0.          0.          0.        ...   0.          0.
    0.       ]
 [  0.         30.407478   16.734537  ...   1.8266097   0.
   74.407684 ]]","[[-0.25932822 -0.25932822 -0.25932822 ... 12.867286   -0.25932822
  -0.25932822]
 [-0.23318928 -0.23318928 -0.23318928 ... -0.23318928 -0.23318928
  -0.23318928]
 [-0.25024042 -0.25024042 -0.25024042 ... -0.25024042  1.323524
  -0.25024042]
 ...
 [-0.2469412  -0.2469412  -0.2469412  ... -0.2469412  -0.2469412
  -0.2469412 ]
 [-0.23162284 -0.23162284 -0.23162284 ... -0.23162284 -0.23162284
  -0.23162284]
 [-0.24710286  3.3093793   1.7101815  ... -0.03346117 -0.24710286
   8.455677  ]]",230804,mrcuts26
230804_mrcuts26_fov4_grat-000,"[[ 0.        0.        0.       ... 90.18013   0.        0.      ]
 [ 0.        0.       36.51758  ...  0.       22.176937  0.      ]
 [ 0.        0.        0.       ...  0.        0.        0.      ]
 ...
 [ 0.        0.        0.       ...  0.        0.        0.      ]
 [ 0.        0.        0.       ...  0.        0.        0.      ]
 [ 0.        0.        0.       ...  0.        0.        0.      ]]","[[-0.2293208  -0.2293208  -0.2293208  ... 10.355027   -0.2293208
  -0.2293208 ]
 [-0.23951134 -0.23951134  5.1762047  ... -0.23951134  3.0494251
  -0.23951134]
 [-0.19030467 -0.19030467 -0.19030467 ... -0.19030467 -0.19030467
  -0.19030467]
 ...
 [-0.23575518 -0.23575518 -0.23575518 ... -0.23575518 -0.23575518
  -0.23575518]
 [-0.25427574 -0.25427574 -0.25427574 ... -0.25427574 -0.25427574
  -0.25427574]
 [-0.2716689  -0.2716689  -0.2716689  ... -0.2716689  -0.2716689
  -0.2716689 ]]",230804,mrcuts26
230804_mrcuts26_fov4_spo-000,"[[  0.          0.          0.        ...   3.9704344   0.
   24.376959 ]
 [  0.          0.          0.        ...   0.          0.
    0.       ]
 [  0.          0.          0.        ...   0.          0.
   54.39877  ]
 ...
 [  0.          0.          0.        ...   0.          0.
    0.       ]
 [  0.          0.          0.        ...   0.          0.
    0.       ]
 [  0.          0.          0.        ...   0.          0.
  131.3925   ]]","[[-0.24076429 -0.24076429 -0.24076429 ...  0.22511415 -0.24076429
   2.6195524 ]
 [-0.19124585 -0.19124585 -0.19124585 ... -0.19124585 -0.19124585
  -0.19124585]
 [-0.22067021 -0.22067021 -0.22067021 ... -0.22067021 -0.22067021
   5.8116775 ]
 ...
 [-0.3009924  -0.3009924  -0.3009924  ... -0.3009924  -0.3009924
  -0.3009924 ]
 [-0.25391316 -0.25391316 -0.25391316 ... -0.25391316 -0.25391316
  -0.25391316]
 [-0.26921743 -0.26921743 -0.26921743 ... -0.26921743 -0.26921743
   9.274124  ]]",230804,mrcuts26
230804_mrcuts26_fov5_mov-000,"[[ 0.         4.0179734  0.        ...  0.         0.         0.       ]
 [ 0.         4.556558   0.        ...  0.        18.272459   0.       ]
 [ 0.         0.         0.        ...  0.        11.668737   0.       ]
 ...
 [ 0.         0.         0.        ...  0.         0.        63.726425 ]
 [ 0.         0.         0.        ...  0.         0.         0.       ]
 [ 0.         0.         0.        ...  0.        62.71761    0.       ]]","[[-0.21093366  0.19014916 -0.21093366 ... -0.21093366 -0.21093366
  -0.21093366]
 [-0.24144614  0.34915265 -0.24144614 ... -0.24144614  2.1269407
  -0.24144614]
 [-0.2606343  -0.2606343  -0.2606343  ... -0.2606343   1.0228019
  -0.2606343 ]
 ...
 [-0.25106895 -0.25106895 -0.25106895 ... -0.25106895 -0.25106895
   8.3237705 ]
 [-0.23624687 -0.23624687 -0.23624687 ... -0.23624687 -0.23624687
  -0.23624687]
 [-0.24462648 -0.24462648 -0.24462648 ... -0.24462648  7.871987
  -0.24462648]]",230804,mrcuts26
230804_mrcuts26_fov4_mov-000,"[[ 0.         0.         0.        ...  0.         0.        92.05444  ]
 [ 0.         0.         0.        ...  0.         0.         0.       ]
 [ 0.         0.         0.        ...  0.         0.         0.       ]
 ...
 [ 0.         0.         0.        ...  0.         2.3791037  0.       ]
 [ 0.         0.         0.        ...  0.         0.         0.       ]
 [ 0.         0.        50.479343  ...  0.        91.25906   48.197975 ]]","[[-0.22463997 -0.22463997 -0.22463997 ... -0.22463997 -0.22463997
  13.06441   ]
 [-0.23451202 -0.23451202 -0.23451202 ... -0.23451202 -0.23451202
  -0.23451202]
 [-0.22313666 -0.22313666 -0.22313666 ... -0.22313666 -0.22313666
  -0.22313666]
 ...
 [-0.25816151 -0.25816151 -0.25816151 ... -0.25816151  0.02257091
  -0.25816151]
 [-0.25547543 -0.25547543 -0.25547543 ... -0.25547543 -0.25547543
  -0.25547543]
 [-0.26621944 -0.26621944  3.1487799  ... -0.26621944  5.907586
   2.994442  ]]",230804,mrcuts26
230804_mrcuts26_fov3_spo-000,"[[  0.          0.          0.        ...   0.          0.
   26.828594 ]
 [  0.          0.          0.        ...   0.          0.
    0.       ]
 [  0.          0.          0.        ...   0.          0.
   36.815292 ]
 ...
 [  0.          0.          0.        ...   0.          0.
   85.43014  ]
 [  0.          1.2267139   5.435999  ...   0.          0.
  110.00253  ]
 [  0.          2.642398    0.        ...   0.         29.013771
    0.       ]]","[[-0.304118   -0.304118   -0.304118   ... -0.304118   -0.304118
   1.9284524 ]
 [-0.2404159  -0.2404159  -0.2404159  ... -0.2404159  -0.2404159
  -0.2404159 ]
 [-0.24869889 -0.24869889 -0.24869889 ... -0.24869889 -0.24869889
   2.9650562 ]
 ...
 [-0.2230287  -0.2230287  -0.2230287  ... -0.2230287  -0.2230287
  10.013715  ]
 [-0.23734987 -0.11561368  0.3021058  ... -0.23734987 -0.23734987
  10.679041  ]
 [-0.22013903  0.04090844 -0.22013903 ... -0.22013903  2.6461859
  -0.22013903]]",230804,mrcuts26
230809_mrcuts28_fov4_spo-000,"[[  0.         0.         0.       ...   0.         0.        99.13773 ]
 [  0.         0.       150.68047  ...   0.         0.         0.      ]
 [  0.         0.         0.       ...   0.         0.         0.      ]
 ...
 [  0.         0.         0.       ...   0.        11.312244   0.      ]
 [  0.         0.         0.       ...  20.633644   0.         0.      ]
 [  0.         0.         0.       ...   0.         0.        52.83908 ]]","[[-0.24275143 -0.24275143 -0.24275143 ... -0.24275143 -0.24275143
  10.240771  ]
 [-0.20739685 -0.20739685  3.3464718  ... -0.20739685 -0.20739685
  -0.20739685]
 [-0.2526738  -0.2526738  -0.2526738  ... -0.2526738  -0.2526738
  -0.2526738 ]
 ...
 [-0.1930974  -0.1930974  -0.1930974  ... -0.1930974   0.48142886
  -0.1930974 ]
 [-0.23985656 -0.23985656 -0.23985656 ...  1.6860796  -0.23985656
  -0.23985656]
 [-0.19938074 -0.19938074 -0.19938074 ... -0.19938074 -0.19938074
   2.7020566 ]]",230809,mrcuts28
230809_mrcuts28_fov1_mov-000,"[[  0.         0.         0.       ...   0.         0.        15.562512]
 [  0.       110.59223    0.       ...   0.        19.642172  50.91832 ]
 [  0.         0.         0.       ...  44.47635    0.         0.      ]
 ...
 [  0.         0.         0.       ...   0.         0.         0.      ]
 [  0.         0.         0.       ...   0.         9.559896   0.      ]
 [  0.         0.         0.       ...   0.         0.       103.185745]]","[[-0.260428   -0.260428   -0.260428   ... -0.260428   -0.260428
   0.7032868 ]
 [-0.28175092  2.2253568  -0.28175092 ... -0.28175092  0.1635339
   0.87255895]
 [-0.25158748 -0.25158748 -0.25158748 ...  2.4130006  -0.25158748
  -0.25158748]
 ...
 [-0.342271   -0.342271   -0.342271   ... -0.342271   -0.342271
  -0.342271  ]
 [-0.28276387 -0.28276387 -0.28276387 ... -0.28276387  0.78329134
  -0.28276387]
 [-0.24567257 -0.24567257 -0.24567257 ... -0.24567257 -0.24567257
   9.3338785 ]]",230809,mrcuts28
230809_mrcuts28_fov4_grat-000,"[[  0.        65.606514   0.       ...   0.         0.        47.60963 ]
 [  0.         0.         0.       ... 121.89708    0.         0.      ]
 [  0.         0.         0.       ...   0.         0.         0.      ]
 ...
 [  0.        58.091507   0.       ...   0.         0.         0.      ]
 [  0.         0.         0.       ...   0.         0.         0.      ]
 [  0.       106.683914 124.71062  ...   0.         0.         0.      ]]","[[-0.28317246  2.339529   -0.28317246 ... -0.28317246 -0.28317246
   1.6200813 ]
 [-0.22606398 -0.22606398 -0.22606398 ...  8.955453   -0.22606398
  -0.22606398]
 [-0.2531172  -0.2531172  -0.2531172  ... -0.2531172  -0.2531172
  -0.2531172 ]
 ...
 [-0.21481587  3.2029297  -0.21481587 ... -0.21481587 -0.21481587
  -0.21481587]
 [-0.26557532 -0.26557532 -0.26557532 ... -0.26557532 -0.26557532
  -0.26557532]
 [-0.5925145   0.02127726  0.12499151 ... -0.5925145  -0.5925145
  -0.5925145 ]]",230809,mrcuts28
230809_mrcuts28_fov3_grat-000,"[[ 0.        0.        0.       ... 17.698526  0.        0.      ]
 [ 0.       22.577024  0.       ...  0.        0.        0.      ]
 [ 0.        0.       11.905313 ...  0.        0.        0.      ]
 ...
 [ 0.        0.        0.       ... 23.26672   0.        0.      ]
 [ 0.        0.        0.       ...  0.        0.        0.      ]
 [ 0.        0.        0.       ...  0.        0.        0.      ]]","[[-0.28509572 -0.28509572 -0.28509572 ...  0.38102153 -0.28509572
  -0.28509572]
 [-0.23130749  1.7074623  -0.23130749 ... -0.23130749 -0.23130749
  -0.23130749]
 [-0.25708038 -0.25708038  0.4786393  ... -0.25708038 -0.25708038
  -0.25708038]
 ...
 [-0.22482012 -0.22482012 -0.22482012 ...  1.0914525  -0.22482012
  -0.22482012]
 [-0.21795915 -0.21795915 -0.21795915 ... -0.21795915 -0.21795915
  -0.21795915]
 [-0.22400363 -0.22400363 -0.22400363 ... -0.22400363 -0.22400363
  -0.22400363]]",230809,mrcuts28
230809_mrcuts28_fov2_grat-000,"[[  0.         0.         0.       ...  51.86695   56.215015   0.      ]
 [  0.         0.        17.211502 ...   0.         0.        98.20819 ]
 [  0.         0.         0.       ...   0.         0.         0.      ]
 ...
 [  0.         0.         0.       ...   0.       307.577    248.20267 ]
 [  0.         0.         0.       ...   0.         0.       153.55539 ]
 [  0.         0.         0.       ...   0.         0.        69.33629 ]]","[[-0.25049785 -0.25049785 -0.25049785 ...  2.580032    2.8173184
  -0.25049785]
 [-0.28969154 -0.28969154  0.43117675 ... -0.28969154 -0.28969154
   3.8235562 ]
 [-0.25690863 -0.25690863 -0.25690863 ... -0.25690863 -0.25690863
  -0.25690863]
 ...
 [-0.28636828 -0.28636828 -0.28636828 ... -0.28636828  4.1298165
   3.2773209 ]
 [-0.21376069 -0.21376069 -0.21376069 ... -0.21376069 -0.21376069
   2.4136908 ]
 [-0.49318656 -0.49318656 -0.49318656 ... -0.49318656 -0.49318656
   1.4819103 ]]",230809,mrcuts28
230809_mrcuts28_fov3_mov-000,"[[ 0.         0.         0.        ...  0.         0.         0.       ]
 [ 0.         0.         0.        ...  0.         0.        12.0510645]
 [ 0.         0.         0.        ...  0.         0.         0.       ]
 ...
 [ 0.         0.         0.        ...  0.         0.         0.       ]
 [ 0.         0.         0.        ...  0.         0.        44.880024 ]
 [ 0.         0.         0.        ...  0.         4.7138753 26.060528 ]]","[[-0.2797942  -0.2797942  -0.2797942  ... -0.2797942  -0.2797942
  -0.2797942 ]
 [-0.25968322 -0.25968322 -0.25968322 ... -0.25968322 -0.25968322
   0.49686712]
 [-0.24339406 -0.24339406 -0.24339406 ... -0.24339406 -0.24339406
  -0.24339406]
 ...
 [-0.2514157  -0.2514157  -0.2514157  ... -0.2514157  -0.2514157
  -0.2514157 ]
 [-0.19748046 -0.19748046 -0.19748046 ... -0.19748046 -0.19748046
   1.5515412 ]
 [-0.24049138 -0.24049138 -0.24049138 ... -0.24049138 -0.02495944
   0.95107096]]",230809,mrcuts28
230809_mrcuts28_fov2_mov-000,"[[  0.         0.         0.       ...   0.         0.       139.96829 ]
 [  0.         0.         0.       ...  34.46027    0.         0.      ]
 [  0.         0.        55.68292  ...   0.         0.        69.62683 ]
 ...
 [  0.        33.424862   0.       ...   0.         0.         0.      ]
 [  0.         0.         0.       ...   0.        59.181404   0.      ]
 [  0.         0.         0.       ...   0.         0.        73.26263 ]]","[[-0.25120255 -0.25120255 -0.25120255 ... -0.25120255 -0.25120255
   7.7843957 ]
 [-0.2402719  -0.2402719  -0.2402719  ...  0.91463083 -0.2402719
  -0.2402719 ]
 [-0.24654901 -0.24654901  5.2072353  ... -0.24654901 -0.24654901
   6.572952  ]
 ...
 [-0.23394689  0.4552305  -0.23394689 ... -0.23394689 -0.23394689
  -0.23394689]
 [-0.27647734 -0.27647734 -0.27647734 ... -0.27647734  0.53268915
  -0.27647734]
 [-0.35293096 -0.35293096 -0.35293096 ... -0.35293096 -0.35293096
   4.315292  ]]",230809,mrcuts28
230809_mrcuts28_fov3_spo-000,"[[  0.         0.         0.       ...   0.         0.         0.      ]
 [  0.         0.         0.       ...  11.367119   0.         0.      ]
 [  0.         0.         0.       ...   0.         0.         0.      ]
 ...
 [  0.         0.         0.       ...   0.        81.93987    0.      ]
 [  0.         0.         0.       ...   0.         0.       348.06165 ]
 [  0.         0.         0.       ...   0.         0.         0.      ]]","[[-0.22045332 -0.22045332 -0.22045332 ... -0.22045332 -0.22045332
  -0.22045332]
 [-0.2421667  -0.2421667  -0.2421667  ...  1.6841063  -0.2421667
  -0.2421667 ]
 [-0.22666746 -0.22666746 -0.22666746 ... -0.22666746 -0.22666746
  -0.22666746]
 ...
 [-0.27182662 -0.27182662 -0.27182662 ... -0.27182662  5.7962265
  -0.27182662]
 [-0.20698702 -0.20698702 -0.20698702 ... -0.20698702 -0.20698702
  10.406092  ]
 [-0.21782584 -0.21782584 -0.21782584 ... -0.21782584 -0.21782584
  -0.21782584]]",230809,mrcuts28
230809_mrcuts28_fov2_spo-000,"[[  0.         0.        11.683227 ...  89.58401    0.        53.253864]
 [  0.         0.       156.82559  ...   0.         0.         0.      ]
 [  0.         0.         0.       ...   0.         0.       106.843834]
 ...
 [  0.         0.         0.       ...   0.        68.886475   0.      ]
 [  0.         0.       141.57419  ...   0.         0.         0.      ]
 [  0.         0.        67.03645  ... 103.93824    0.       110.77751 ]]","[[-0.25420722 -0.25420722  0.61042035 ...  6.3755364  -0.25420722
   3.6868923 ]
 [-0.23431036 -0.23431036  7.8907537  ... -0.23431036 -0.23431036
  -0.23431036]
 [-0.25498536 -0.25498536 -0.25498536 ... -0.25498536 -0.25498536
   7.0995264 ]
 ...
 [-0.2228892  -0.2228892  -0.2228892  ... -0.2228892   5.5343127
  -0.2228892 ]
 [-0.48949382 -0.48949382  2.7394996  ... -0.48949382 -0.48949382
  -0.48949382]
 [-0.53133416 -0.53133416  0.56489205 ...  1.1683353  -0.53133416
   1.2801759 ]]",230809,mrcuts28
230809_mrcuts28_fov4_mov-000,"[[  0.         0.         0.       ...   0.         0.        15.807983]
 [  0.         0.         0.       ...   0.         0.         0.      ]
 [  0.         0.         0.       ...   0.         0.         0.      ]
 ...
 [  0.         0.         0.       ...  27.756632   0.         0.      ]
 [  0.         0.         0.       ...   0.         0.         0.      ]
 [  0.         0.         0.       ...   0.       345.82745  417.5024  ]]","[[-0.20681174 -0.20681174 -0.20681174 ... -0.20681174 -0.20681174
   0.65343404]
 [-0.248151   -0.248151   -0.248151   ... -0.248151   -0.248151
  -0.248151  ]
 [-0.21735431 -0.21735431 -0.21735431 ... -0.21735431 -0.21735431
  -0.21735431]
 ...
 [-0.25375533 -0.25375533 -0.25375533 ...  2.45332    -0.25375533
  -0.25375533]
 [-0.23413607 -0.23413607 -0.23413607 ... -0.23413607 -0.23413607
  -0.23413607]
 [-0.23878352 -0.23878352 -0.23878352 ... -0.23878352  6.652136
   8.080323  ]]",230809,mrcuts28
230809_mrcuts28_fov1_spo-000,"[[  0.          0.          0.        ...   0.         33.387188
    0.       ]
 [  0.          0.          0.        ...   0.         46.742184
    0.       ]
 [  0.        128.56187     0.        ...   0.          0.
    0.       ]
 ...
 [  0.          0.          0.        ...   0.          0.
    0.       ]
 [  0.          0.          0.        ...   0.          9.22747
   12.561884 ]
 [  0.          0.          0.        ...   0.          0.
    4.5923176]]","[[-0.25593013 -0.25593013 -0.25593013 ... -0.25593013  0.8413457
  -0.25593013]
 [-0.27888983 -0.27888983 -0.27888983 ... -0.27888983  2.674086
  -0.27888983]
 [-0.22975196  8.215676   -0.22975196 ... -0.22975196 -0.22975196
  -0.22975196]
 ...
 [-0.3263559  -0.3263559  -0.3263559  ... -0.3263559  -0.3263559
  -0.3263559 ]
 [-0.33960176 -0.33960176 -0.33960176 ... -0.33960176  0.28313506
   0.50816554]
 [-0.25451452 -0.25451452 -0.25451452 ... -0.25451452 -0.25451452
   0.19338414]]",230809,mrcuts28
230809_mrcuts28_fov1_grat-000,"[[  0.         45.097706   57.528416  ...   0.          0.
   11.056301 ]
 [  0.          0.          0.        ...  40.79484   141.44482
    0.       ]
 [  0.          0.          0.        ...   0.          1.0033221
   18.668943 ]
 ...
 [  0.          0.          0.        ...   0.         38.515644
   23.321247 ]
 [  0.          0.          0.        ...   0.          0.
    0.       ]
 [  0.         14.235254    0.        ...  32.873886   54.842968
   59.11886  ]]","[[-0.21848756  3.020014    3.912673   ... -0.21848756 -0.21848756
   0.5754741 ]
 [-0.23567726 -0.23567726 -0.23567726 ...  2.3841274   8.847771
  -0.23567726]
 [-0.2854801  -0.2854801  -0.2854801  ... -0.2854801  -0.24484496
   0.4706232 ]
 ...
 [-0.32815322 -0.32815322 -0.32815322 ... -0.32815322  0.6331436
   0.25391263]
 [-0.3097651  -0.3097651  -0.3097651  ... -0.3097651  -0.3097651
  -0.3097651 ]
 [-0.2595548   1.026209   -0.2595548  ...  2.7096965   4.693999
   5.080208  ]]",230809,mrcuts28
230810_mrcuts29_fov2_grat-000,"[[   0.           0.           0.        ...    0.           0.
     0.       ]
 [   0.           0.           0.        ...   13.9334545    0.
     8.628899 ]
 [   0.           0.           0.        ...    0.           0.
     0.       ]
 ...
 [   0.           0.           0.        ...    0.           0.
  1044.4009   ]
 [   0.           0.           0.        ...    0.           5.221367
     0.       ]
 [   0.           0.           0.        ...    0.           0.
     0.       ]]","[[-0.24355052 -0.24355052 -0.24355052 ... -0.24355052 -0.24355052
  -0.24355052]
 [-0.27966008 -0.27966008 -0.27966008 ...  0.15054697 -0.27966008
  -0.01323563]
 [-0.28961733 -0.28961733 -0.28961733 ... -0.28961733 -0.28961733
  -0.28961733]
 ...
 [-0.27344024 -0.27344024 -0.27344024 ... -0.27344024 -0.27344024
  10.565451  ]
 [-0.32747898 -0.32747898 -0.32747898 ... -0.32747898 -0.06820691
  -0.32747898]
 [-0.29194218 -0.29194218 -0.29194218 ... -0.29194218 -0.29194218
  -0.29194218]]",230810,mrcuts29
230810_mrcuts29_fov3_grat-000,"[[  0.         0.         0.       ...   0.         0.         0.      ]
 [  0.         0.         0.       ...   0.        28.59548   74.658646]
 [  0.         0.        49.277817 ...   0.        38.285316   0.      ]
 ...
 [  0.         0.         0.       ... 115.688995  54.029556   0.      ]
 [  0.       179.85266    0.       ...   0.       412.44092    0.      ]
 [  0.       432.5294   256.4961   ...  92.995926 177.67886    0.      ]]","[[-0.24946928 -0.24946928 -0.24946928 ... -0.24946928 -0.24946928
  -0.24946928]
 [-0.23901781 -0.23901781 -0.23901781 ... -0.23901781  2.950358
   8.087979  ]
 [-0.2553046  -0.2553046   3.6962676  ... -0.2553046   2.8147826
  -0.2553046 ]
 ...
 [-0.20332392 -0.20332392 -0.20332392 ...  3.048583    1.3153951
  -0.20332392]
 [-0.27424705  3.3911328  -0.27424705 ... -0.27424705  8.13126
  -0.27424705]
 [-0.26436082  6.5609617   3.7831526  ...  1.2031167   2.5394151
  -0.26436082]]",230810,mrcuts29
230810_mrcuts29_fov1_spo-000,"[[ 0.       0.       0.      ...  0.       0.       0.     ]
 [ 0.       0.       0.      ...  0.       0.       0.     ]
 [ 0.       0.       0.      ...  0.       0.      93.56737]
 ...
 [ 0.       0.       0.      ...  0.       0.       0.     ]
 [ 0.       0.       0.      ...  0.      94.007    0.     ]
 [ 0.       0.       0.      ...  0.       0.       0.     ]]","[[-0.24158658 -0.24158658 -0.24158658 ... -0.24158658 -0.24158658
  -0.24158658]
 [-0.24567342 -0.24567342 -0.24567342 ... -0.24567342 -0.24567342
  -0.24567342]
 [-0.22878563 -0.22878563 -0.22878563 ... -0.22878563 -0.22878563
  10.566774  ]
 ...
 [-0.27605402 -0.27605402 -0.27605402 ... -0.27605402 -0.27605402
  -0.27605402]
 [-0.22793235 -0.22793235 -0.22793235 ... -0.22793235  1.3374592
  -0.22793235]
 [-0.19439766 -0.19439766 -0.19439766 ... -0.19439766 -0.19439766
  -0.19439766]]",230810,mrcuts29
230810_mrcuts29_fov3_spo-000,"[[  0.         0.        56.221096 ...   0.        37.6039    77.10515 ]
 [  0.         0.         0.       ...   0.         0.        31.48538 ]
 [  0.         0.         0.       ...   0.         0.         0.      ]
 ...
 [  0.         0.       135.74423  ...   0.         0.         0.      ]
 [  0.         0.         0.       ...   0.         0.        53.037037]
 [  0.       108.47209    0.       ...   0.         0.         0.      ]]","[[-0.2642601  -0.2642601   5.150671   ... -0.2642601   3.357557
   7.1621175 ]
 [-0.26394865 -0.26394865 -0.26394865 ... -0.26394865 -0.26394865
   0.7466736 ]
 [-0.2843887  -0.2843887  -0.2843887  ... -0.2843887  -0.2843887
  -0.2843887 ]
 ...
 [-0.30070555 -0.30070555  1.3371096  ... -0.30070555 -0.30070555
  -0.30070555]
 [-0.1992337  -0.1992337  -0.1992337  ... -0.1992337  -0.1992337
   1.0921141 ]
 [-0.27170426  1.3594604  -0.27170426 ... -0.27170426 -0.27170426
  -0.27170426]]",230810,mrcuts29
230810_mrcuts29_fov2_spo-000,"[[  0.          0.          0.        ...   0.          0.
    7.4983683]
 [  0.          0.          0.        ...   0.          0.
    1.6006485]
 [  0.          0.          0.        ...   0.          0.
    0.       ]
 ...
 [  0.          0.          0.        ...   0.         28.349857
   34.945896 ]
 [  0.          0.         51.30224   ...   0.          0.
    0.       ]
 [  0.          0.          0.        ...   0.        153.00938
    0.       ]]","[[-0.23854898 -0.23854898 -0.23854898 ... -0.23854898 -0.23854898
   0.5295837 ]
 [-0.23439583 -0.23439583 -0.23439583 ... -0.23439583 -0.23439583
  -0.05897306]
 [-0.26069534 -0.26069534 -0.26069534 ... -0.26069534 -0.26069534
  -0.26069534]
 ...
 [-0.2832418  -0.2832418  -0.2832418  ... -0.2832418   2.2651424
   2.858064  ]
 [-0.22961567 -0.22961567  1.4891638  ... -0.22961567 -0.22961567
  -0.22961567]
 [-0.2488824  -0.2488824  -0.2488824  ... -0.2488824   5.0835085
  -0.2488824 ]]",230810,mrcuts29
230810_mrcuts29_fov3_mov-000,"[[  0.        151.29265     0.        ...  26.160046    0.
    0.       ]
 [  0.        196.69704     0.        ...   0.          0.
    0.       ]
 [  0.          0.          0.        ...   0.          0.8978761
   40.093353 ]
 ...
 [  0.          0.          0.        ...   0.          0.
    0.       ]
 [  0.        107.92619   130.93436   ...   0.          0.
    0.       ]
 [  0.          0.          0.        ...   0.          0.
    0.       ]]","[[-0.2565857  10.631391   -0.2565857  ...  1.6260567  -0.2565857
  -0.2565857 ]
 [-0.24211976 15.792141   -0.24211976 ... -0.24211976 -0.24211976
  -0.24211976]
 [-0.2615627  -0.2615627  -0.2615627  ... -0.2615627  -0.18117747
   3.327924  ]
 ...
 [-0.23257135 -0.23257135 -0.23257135 ... -0.23257135 -0.23257135
  -0.23257135]
 [-0.24311826  2.4739952   3.053241   ... -0.24311826 -0.24311826
  -0.24311826]
 [-0.25548974 -0.25548974 -0.25548974 ... -0.25548974 -0.25548974
  -0.25548974]]",230810,mrcuts29
230810_mrcuts29_fov1_grat-000,"[[  0.          0.          0.        ... 100.08729    51.665066
  151.91417  ]
 [  0.          0.          0.        ...   0.          0.
   78.65896  ]
 [  0.          0.          0.        ...   6.941286    0.
    0.       ]
 ...
 [  0.          0.          0.        ...   0.         16.368677
   46.978725 ]
 [  0.          0.          0.        ...   0.          0.
    0.       ]
 [  0.         46.6981     56.082123  ...   1.5014048 619.75006
    0.       ]]","[[-0.27378553 -0.27378553 -0.27378553 ...  3.8123405   1.835473
   5.928205  ]
 [-0.2465704  -0.2465704  -0.2465704  ... -0.2465704  -0.2465704
   7.842334  ]
 [-0.26040518 -0.26040518 -0.26040518 ...  0.52678216 -0.26040518
  -0.26040518]
 ...
 [-0.21846117 -0.21846117 -0.21846117 ... -0.21846117  0.56008714
   2.016002  ]
 [-0.27009937 -0.27009937 -0.27009937 ... -0.27009937 -0.27009937
  -0.27009937]
 [-0.42941824 -0.0817051  -0.01183187 ... -0.4182388   4.1852283
  -0.42941824]]",230810,mrcuts29
230810_mrcuts29_fov2_mov-000,"[[  0.         0.         0.       ...   0.         0.         8.069565]
 [  0.         0.         0.       ...   0.         0.         0.      ]
 [  0.        61.718487 372.8763   ...   0.         0.        11.77485 ]
 ...
 [  0.       115.74661    0.       ...   0.         0.       223.6339  ]
 [  0.       113.49204   55.71406  ...   0.         0.         0.      ]
 [  0.         0.         0.       ...   0.         0.         0.      ]]","[[-2.2836025e-01 -2.2836025e-01 -2.2836025e-01 ... -2.2836025e-01
  -2.2836025e-01  1.4198491e-01]
 [-2.4671994e-01 -2.4671994e-01 -2.4671994e-01 ... -2.4671994e-01
  -2.4671994e-01 -2.4671994e-01]
 [-2.7872193e-01  1.1803461e+00  8.5363340e+00 ... -2.7872193e-01
  -2.7872193e-01 -3.5626438e-04]
 ...
 [-2.5452814e-01  4.0250006e+00 -2.5452814e-01 ... -2.5452814e-01
  -2.5452814e-01  8.0139446e+00]
 [-3.1362689e-01  2.1189282e+00  8.8053191e-01 ... -3.1362689e-01
  -3.1362689e-01 -3.1362689e-01]
 [-2.4999616e-01 -2.4999616e-01 -2.4999616e-01 ... -2.4999616e-01
  -2.4999616e-01 -2.4999616e-01]]",230810,mrcuts29
230810_mrcuts29_fov1_mov-000,"[[ 0.        0.        0.       ...  0.        0.        0.      ]
 [ 0.        0.        0.       ...  0.        0.        0.      ]
 [ 0.        0.        0.       ...  0.        0.       18.502354]
 ...
 [ 0.        0.        2.607532 ...  0.        0.        0.      ]
 [ 0.        0.        0.       ...  0.        0.        0.      ]
 [ 0.        0.       33.333942 ...  0.        0.        0.      ]]","[[-0.23141563 -0.23141563 -0.23141563 ... -0.23141563 -0.23141563
  -0.23141563]
 [-0.2550258  -0.2550258  -0.2550258  ... -0.2550258  -0.2550258
  -0.2550258 ]
 [-0.22098751 -0.22098751 -0.22098751 ... -0.22098751 -0.22098751
   1.5779555 ]
 ...
 [-0.264991   -0.264991   -0.17779446 ... -0.264991   -0.264991
  -0.264991  ]
 [-0.24596792 -0.24596792 -0.24596792 ... -0.24596792 -0.24596792
  -0.24596792]
 [-0.24177684 -0.24177684  1.6689655  ... -0.24177684 -0.24177684
  -0.24177684]]",230810,mrcuts29
230804_mrcuts27_fov3_mov-000,"[[  0.       292.56805    0.       ...   0.        66.816376   0.      ]
 [  0.         0.         0.       ...   0.         0.       156.53796 ]
 [  0.         0.         0.       ...   0.         0.         0.      ]
 ...
 [  0.         0.         0.       ...   0.         0.       533.7467  ]
 [  0.         0.       107.313614 ...   0.         0.         0.      ]
 [  0.         0.         0.       ... 444.82867    0.         0.      ]]","[[-0.22607298 11.35773    -0.22607298 ... -0.22607298  2.4194233
  -0.22607298]
 [-0.23782489 -0.23782489 -0.23782489 ... -0.23782489 -0.23782489
  13.513373  ]
 [-0.24290565 -0.24290565 -0.24290565 ... -0.24290565 -0.24290565
  -0.24290565]
 ...
 [-0.25827152 -0.25827152 -0.25827152 ... -0.25827152 -0.25827152
   4.518321  ]
 [-0.2668791  -0.2668791   0.85466737 ... -0.2668791  -0.2668791
  -0.2668791 ]
 [-0.24009393 -0.24009393 -0.24009393 ...  6.76895    -0.24009393
  -0.24009393]]",230804,mrcuts27
230804_mrcuts27_fov4_spo-000,"[[   0.          0.          0.       ...    0.          0.
     0.      ]
 [   0.        136.97583   170.74933  ...    0.          0.
     0.      ]
 [   0.          0.          0.       ...   20.964499    0.
    80.21522 ]
 ...
 [   0.          0.          0.       ...    0.        204.91756
     0.      ]
 [   0.          0.          0.       ...  379.67502     0.
   384.36563 ]
 [   0.          0.        327.47687  ...    0.          0.
  1552.6614  ]]","[[-0.22753866 -0.22753866 -0.22753866 ... -0.22753866 -0.22753866
  -0.22753866]
 [-0.22494279  4.58082     5.7657547  ... -0.22494279 -0.22494279
  -0.22494279]
 [-0.2740213  -0.2740213  -0.2740213  ...  0.24803516 -0.2740213
   1.7234923 ]
 ...
 [-0.21243605 -0.21243605 -0.21243605 ... -0.21243605  2.5804284
  -0.21243605]
 [-0.25132114 -0.25132114 -0.25132114 ...  6.338733   -0.25132114
   6.4201484 ]
 [-0.26154697 -0.26154697  2.9403656  ... -0.26154697 -0.26154697
  14.919634  ]]",230804,mrcuts27
230804_mrcuts27_fov5_spo-000,"[[  0.          0.          0.        ...   0.          0.
    0.       ]
 [  0.          0.        132.53      ...   0.          0.
    0.       ]
 [  0.          0.          0.        ...  26.152205    0.
    0.       ]
 ...
 [  0.          0.          0.        ...   0.          6.7041245
    0.       ]
 [  0.          0.        274.6924    ...   0.          0.
    0.       ]
 [  0.          0.          0.        ...   0.          0.
    0.       ]]","[[-0.24131224 -0.24131224 -0.24131224 ... -0.24131224 -0.24131224
  -0.24131224]
 [-0.25801638 -0.25801638  8.01581    ... -0.25801638 -0.25801638
  -0.25801638]
 [-0.266066   -0.266066   -0.266066   ...  0.82236093 -0.266066
  -0.266066  ]
 ...
 [-0.27429676 -0.27429676 -0.27429676 ... -0.27429676  0.15779468
  -0.27429676]
 [-0.23529053 -0.23529053 11.265463   ... -0.23529053 -0.23529053
  -0.23529053]
 [-0.25139874 -0.25139874 -0.25139874 ... -0.25139874 -0.25139874
  -0.25139874]]",230804,mrcuts27
230804_mrcuts27_fov4_mov-000,"[[  0.          0.          0.        ...   0.         52.513233
    0.       ]
 [  0.          0.          0.        ...   0.          0.
    0.       ]
 [  0.         54.202847    0.        ...   0.          7.316606
    0.       ]
 ...
 [  0.          0.          0.        ...   0.          0.
    0.       ]
 [  0.          0.          0.        ...   0.          0.
  281.81796  ]
 [  0.          0.          0.        ...   2.0352063  40.215313
    0.       ]]","[[-0.24672866 -0.24672866 -0.24672866 ... -0.24672866  2.4563773
  -0.24672866]
 [-0.24832594 -0.24832594 -0.24832594 ... -0.24832594 -0.24832594
  -0.24832594]
 [-0.25908265  3.023009   -0.25908265 ... -0.25908265  0.18395261
  -0.25908265]
 ...
 [-0.22622804 -0.22622804 -0.22622804 ... -0.22622804 -0.22622804
  -0.22622804]
 [-0.24088643 -0.24088643 -0.24088643 ... -0.24088643 -0.24088643
   4.3248415 ]
 [-0.24519956 -0.24519956 -0.24519956 ... -0.09663178  2.690473
  -0.24519956]]",230804,mrcuts27
230804_mrcuts27_fov5_grat-000,"[[  0.        99.48021    0.       ...   0.         0.         0.      ]
 [  0.       551.5621     0.       ...   0.         5.84868  601.9589  ]
 [  0.         0.        10.135075 ...   0.         0.         0.      ]
 ...
 [  0.         9.263358   0.       ...   0.         0.         0.      ]
 [  0.         0.         0.       ...   0.         0.         0.      ]
 [  0.         0.        45.385735 ...   0.         0.         0.      ]]","[[-0.26469526  6.9135327  -0.26469526 ... -0.26469526 -0.26469526
  -0.26469526]
 [-0.23893215 10.462306   -0.23893215 ... -0.23893215 -0.12545784
  11.44009   ]
 [-0.26632205 -0.26632205  0.37792736 ... -0.26632205 -0.26632205
  -0.26632205]
 ...
 [-0.24197395 -0.04193868 -0.24197395 ... -0.24197395 -0.24197395
  -0.24197395]
 [-0.23015709 -0.23015709 -0.23015709 ... -0.23015709 -0.23015709
  -0.23015709]
 [-0.23614359 -0.23614359  0.5500594  ... -0.23614359 -0.23614359
  -0.23614359]]",230804,mrcuts27
230804_mrcuts27_fov4_grat-000,"[[   0.           0.           0.        ...    0.          52.55613
    85.8487   ]
 [   0.         155.63261      0.        ...    0.           0.
     0.       ]
 [   0.           0.           0.        ...    0.           0.
    30.598047 ]
 ...
 [   0.           0.           0.        ...    0.           0.
     0.       ]
 [   0.           0.           4.5226703 ...    0.         119.38394
  1083.2008   ]
 [   0.           0.           0.        ...    0.           0.
     0.       ]]","[[-0.24916293 -0.24916293 -0.24916293 ... -0.24916293  3.3248887
   5.5889325 ]
 [-0.24227425  7.2153645  -0.24227425 ... -0.24227425 -0.24227425
  -0.24227425]
 [-0.26708195 -0.26708195 -0.26708195 ... -0.26708195 -0.26708195
   1.3106751 ]
 ...
 [-0.23715904 -0.23715904 -0.23715904 ... -0.23715904 -0.23715904
  -0.23715904]
 [-0.24317993 -0.24317993 -0.16375336 ... -0.24317993  1.8534266
  18.779861  ]
 [-0.2548665  -0.2548665  -0.2548665  ... -0.2548665  -0.2548665
  -0.2548665 ]]",230804,mrcuts27
230804_mrcuts27_fov5_mov-000,"[[  0.         0.         0.       ...   0.        78.32066   73.91469 ]
 [  0.         0.       145.35474  ...   0.         0.         0.      ]
 [  0.       134.41306    0.       ...  37.06534    0.        16.210884]
 ...
 [  0.         0.         0.       ...  92.61253  204.07567    0.      ]
 [  0.         0.        29.226938 ...   0.        41.048958  27.706165]
 [  0.        49.58032    0.       ... 323.21024    0.         0.      ]]","[[-0.24987541 -0.24987541 -0.24987541 ... -0.24987541  4.8170185
   4.5319777 ]
 [-0.23231463 -0.23231463  6.5471745  ... -0.23231463 -0.23231463
  -0.23231463]
 [-0.250828    9.44017    -0.250828   ...  2.4215326  -0.250828
   0.9179547 ]
 ...
 [-0.2612659  -0.2612659  -0.2612659  ...  1.0046726   2.5282838
  -0.2612659 ]
 [-0.25044772 -0.25044772  0.9339118  ... -0.25044772  1.4129739
   0.87228566]
 [-0.24346553  2.2702045  -0.24346553 ... 16.142954   -0.24346553
  -0.24346553]]",230804,mrcuts27
230804_mrcuts27_fov3_grat-000,"[[  0.          0.          0.        ...   0.          0.
  117.86691  ]
 [  0.        139.8615      0.        ...   0.          0.
    1.7739195]
 [  0.          0.          0.        ...   0.          0.
    0.       ]
 ...
 [  0.          0.          0.        ...  33.563114    0.
    0.       ]
 [  0.          0.          0.        ...   0.        393.9019
    0.       ]
 [  0.          0.          0.        ...   0.          0.
   95.95546  ]]","[[-0.24000092 -0.24000092 -0.24000092 ... -0.24000092 -0.24000092
   8.44191   ]
 [-0.24335779 12.228044   -0.24335779 ... -0.24335779 -0.24335779
  -0.085178  ]
 [-0.2392709  -0.2392709  -0.2392709  ... -0.2392709  -0.2392709
  -0.2392709 ]
 ...
 [-0.25373057 -0.25373057 -0.25373057 ...  0.9837136  -0.25373057
  -0.25373057]
 [-0.28213695 -0.28213695 -0.28213695 ... -0.28213695  3.794673
  -0.28213695]
 [-0.23115163 -0.23115163 -0.23115163 ... -0.23115163 -0.23115163
   6.2908773 ]]",230804,mrcuts27
230804_mrcuts27_fov3_spo-000,"[[  0.         0.         0.       ...   0.         0.         0.      ]
 [  0.         0.         0.       ...   0.         0.         0.      ]
 [  0.         0.         0.       ...   0.         0.       163.39578 ]
 ...
 [  0.         0.         0.       ...   0.         0.        77.6751  ]
 [  0.         0.         0.       ...   0.         0.        27.504076]
 [  0.         0.         0.       ...  95.59192    0.         7.081447]]","[[-0.312574   -0.312574   -0.312574   ... -0.312574   -0.312574
  -0.312574  ]
 [-0.24151781 -0.24151781 -0.24151781 ... -0.24151781 -0.24151781
  -0.24151781]
 [-0.24797656 -0.24797656 -0.24797656 ... -0.24797656 -0.24797656
  15.205978  ]
 ...
 [-0.2509891  -0.2509891  -0.2509891  ... -0.2509891  -0.2509891
   1.8900303 ]
 [-0.30190206 -0.30190206 -0.30190206 ... -0.30190206 -0.30190206
   1.0037113 ]
 [-0.25077796 -0.25077796 -0.25077796 ...  9.181971   -0.25077796
   0.4479998 ]]",230804,mrcuts27
